node,label,system
0,LH_Vis_1,Vis
1,LH_Vis_2,Vis
2,LH_Vis_3,Vis
3,LH_Vis_4,Vis
4,LH_Vis_5,Vis
5,LH_Vis_6,Vis
6,LH_Vis_7,Vis
7,LH_Vis_8,Vis
8,LH_Vis_9,Vis
9,LH_Vis_10,Vis
10,LH_Vis_11,Vis
11,LH_Vis_12,Vis
12,LH_Vis_13,Vis
13,LH_Vis_14,Vis
14,LH_Vis_15,Vis
15,LH_Vis_16,Vis
16,LH_Vis_17,Vis
17,LH_Vis_18,Vis
18,LH_Vis_19,Vis
19,LH_Vis_20,Vis
20,LH_Vis_21,Vis
21,LH_Vis_22,Vis
22,LH_Vis_23,Vis
23,LH_Vis_24,Vis
24,LH_Vis_25,Vis
25,LH_Vis_26,Vis
26,LH_Vis_27,Vis
27,LH_Vis_28,Vis
28,LH_Vis_29,Vis
29,LH_Vis_30,Vis
30,LH_Vis_31,Vis
31,LH_SomMot_1,SomMot
32,LH_SomMot_2,SomMot
33,LH_SomMot_3,SomMot
34,LH_SomMot_4,SomMot
35,LH_SomMot_5,SomMot
36,LH_SomMot_6,SomMot
37,LH_SomMot_7,SomMot
38,LH_SomMot_8,SomMot
39,LH_SomMot_9,SomMot
40,LH_SomMot_10,SomMot
41,LH_SomMot_11,SomMot
42,LH_SomMot_12,SomMot
43,LH_SomMot_13,SomMot
44,LH_SomMot_14,SomMot
45,LH_SomMot_15,SomMot
46,LH_SomMot_16,SomMot
47,LH_SomMot_17,SomMot
48,LH_SomMot_18,SomMot
49,LH_SomMot_19,SomMot
50,LH_SomMot_20,SomMot
51,LH_SomMot_21,SomMot
52,LH_SomMot_22,SomMot
53,LH_SomMot_23,SomMot
54,LH_SomMot_24,SomMot
55,LH_SomMot_25,SomMot
56,LH_SomMot_26,SomMot
57,LH_SomMot_27,SomMot
58,LH_SomMot_28,SomMot
59,LH_SomMot_29,SomMot
60,LH_SomMot_30,SomMot
61,LH_SomMot_31,SomMot
62,LH_SomMot_32,SomMot
63,LH_SomMot_33,SomMot
64,LH_SomMot_34,SomMot
65,LH_SomMot_35,SomMot
66,LH_SomMot_36,SomMot
67,LH_SomMot_37,SomMot
68,LH_DorsAttn_Post_1,DorsAttn
69,LH_DorsAttn_Post_2,DorsAttn
70,LH_DorsAttn_Post_3,DorsAttn
71,LH_DorsAttn_Post_4,DorsAttn
72,LH_DorsAttn_Post_5,DorsAttn
73,LH_DorsAttn_Post_6,DorsAttn
74,LH_DorsAttn_Post_7,DorsAttn
75,LH_DorsAttn_Post_8,DorsAttn
76,LH_DorsAttn_Post_9,DorsAttn
77,LH_DorsAttn_Post_10,DorsAttn
78,LH_DorsAttn_Post_11,DorsAttn
79,LH_DorsAttn_Post_12,DorsAttn
80,LH_DorsAttn_Post_13,DorsAttn
81,LH_DorsAttn_Post_14,DorsAttn
82,LH_DorsAttn_Post_15,DorsAttn
83,LH_DorsAttn_Post_16,DorsAttn
84,LH_DorsAttn_Post_17,DorsAttn
85,LH_DorsAttn_FEF_1,DorsAttn
86,LH_DorsAttn_FEF_2,DorsAttn
87,LH_DorsAttn_FEF_3,DorsAttn
88,LH_DorsAttn_FEF_4,DorsAttn
89,LH_DorsAttn_PrCv_1,DorsAttn
90,LH_DorsAttn_PrCv_2,DorsAttn
91,LH_SalVentAttn_ParOper_1,SalVentAttn
92,LH_SalVentAttn_ParOper_2,SalVentAttn
93,LH_SalVentAttn_ParOper_3,SalVentAttn
94,LH_SalVentAttn_ParOper_4,SalVentAttn
95,LH_SalVentAttn_TempOcc_1,SalVentAttn
96,LH_SalVentAttn_FrOperIns_1,SalVentAttn
97,LH_SalVentAttn_FrOperIns_2,SalVentAttn
98,LH_SalVentAttn_FrOperIns_3,SalVentAttn
99,LH_SalVentAttn_FrOperIns_4,SalVentAttn
100,LH_SalVentAttn_FrOperIns_5,SalVentAttn
101,LH_SalVentAttn_FrOperIns_6,SalVentAttn
102,LH_SalVentAttn_FrOperIns_7,SalVentAttn
103,LH_SalVentAttn_FrOperIns_8,SalVentAttn
104,LH_SalVentAttn_FrOperIns_9,SalVentAttn
105,LH_SalVentAttn_PFCl_1,SalVentAttn
106,LH_SalVentAttn_Med_1,SalVentAttn
107,LH_SalVentAttn_Med_2,SalVentAttn
108,LH_SalVentAttn_Med_3,SalVentAttn
109,LH_SalVentAttn_Med_4,SalVentAttn
110,LH_SalVentAttn_Med_5,SalVentAttn
111,LH_SalVentAttn_Med_6,SalVentAttn
112,LH_SalVentAttn_Med_7,SalVentAttn
113,LH_Limbic_OFC_1,Limbic
114,LH_Limbic_OFC_2,Limbic
115,LH_Limbic_OFC_3,Limbic
116,LH_Limbic_OFC_4,Limbic
117,LH_Limbic_OFC_5,Limbic
118,LH_Limbic_TempPole_1,Limbic
119,LH_Limbic_TempPole_2,Limbic
120,LH_Limbic_TempPole_3,Limbic
121,LH_Limbic_TempPole_4,Limbic
122,LH_Limbic_TempPole_5,Limbic
123,LH_Limbic_TempPole_6,Limbic
124,LH_Limbic_TempPole_7,Limbic
125,LH_Limbic_TempPole_8,Limbic
126,LH_Cont_Par_1,Cont
127,LH_Cont_Par_2,Cont
128,LH_Cont_Par_3,Cont
129,LH_Cont_Par_4,Cont
130,LH_Cont_Par_5,Cont
131,LH_Cont_Par_6,Cont
132,LH_Cont_Temp_1,Cont
133,LH_Cont_OFC_1,Cont
134,LH_Cont_PFCl_1,Cont
135,LH_Cont_PFCl_2,Cont
136,LH_Cont_PFCl_3,Cont
137,LH_Cont_PFCl_4,Cont
138,LH_Cont_PFCl_5,Cont
139,LH_Cont_PFCl_6,Cont
140,LH_Cont_PFCl_7,Cont
141,LH_Cont_PFCl_8,Cont
142,LH_Cont_PFCv_1,Cont
143,LH_Cont_pCun_1,Cont
144,LH_Cont_pCun_2,Cont
145,LH_Cont_Cing_1,Cont
146,LH_Cont_Cing_2,Cont
147,LH_Cont_PFCmp_1,Cont
148,LH_Default_Temp_1,Default
149,LH_Default_Temp_2,Default
150,LH_Default_Temp_3,Default
151,LH_Default_Temp_4,Default
152,LH_Default_Temp_5,Default
153,LH_Default_Temp_6,Default
154,LH_Default_Temp_7,Default
155,LH_Default_Temp_8,Default
156,LH_Default_Temp_9,Default
157,LH_Default_Temp_10,Default
158,LH_Default_Par_1,Default
159,LH_Default_Par_2,Default
160,LH_Default_Par_3,Default
161,LH_Default_Par_4,Default
162,LH_Default_Par_5,Default
163,LH_Default_Par_6,Default
164,LH_Default_Par_7,Default
165,LH_Default_PFC_1,Default
166,LH_Default_PFC_2,Default
167,LH_Default_PFC_3,Default
168,LH_Default_PFC_4,Default
169,LH_Default_PFC_5,Default
170,LH_Default_PFC_6,Default
171,LH_Default_PFC_7,Default
172,LH_Default_PFC_8,Default
173,LH_Default_PFC_9,Default
174,LH_Default_PFC_10,Default
175,LH_Default_PFC_11,Default
176,LH_Default_PFC_12,Default
177,LH_Default_PFC_13,Default
178,LH_Default_PFC_14,Default
179,LH_Default_PFC_15,Default
180,LH_Default_PFC_16,Default
181,LH_Default_PFC_17,Default
182,LH_Default_PFC_18,Default
183,LH_Default_PFC_19,Default
184,LH_Default_PFC_20,Default
185,LH_Default_PFC_21,Default
186,LH_Default_PFC_22,Default
187,LH_Default_PFC_23,Default
188,LH_Default_PFC_24,Default
189,LH_Default_pCunPCC_1,Default
190,LH_Default_pCunPCC_2,Default
191,LH_Default_pCunPCC_3,Default
192,LH_Default_pCunPCC_4,Default
193,LH_Default_pCunPCC_5,Default
194,LH_Default_pCunPCC_6,Default
195,LH_Default_pCunPCC_7,Default
196,LH_Default_pCunPCC_8,Default
197,LH_Default_pCunPCC_9,Default
198,LH_Default_pCunPCC_10,Default
199,LH_Default_pCunPCC_11,Default
200,RH_Vis_1,Vis
201,RH_Vis_2,Vis
202,RH_Vis_3,Vis
203,RH_Vis_4,Vis
204,RH_Vis_5,Vis
205,RH_Vis_6,Vis
206,RH_Vis_7,Vis
207,RH_Vis_8,Vis
208,RH_Vis_9,Vis
209,RH_Vis_10,Vis
210,RH_Vis_11,Vis
211,RH_Vis_12,Vis
212,RH_Vis_13,Vis
213,RH_Vis_14,Vis
214,RH_Vis_15,Vis
215,RH_Vis_16,Vis
216,RH_Vis_17,Vis
217,RH_Vis_18,Vis
218,RH_Vis_19,Vis
219,RH_Vis_20,Vis
220,RH_Vis_21,Vis
221,RH_Vis_22,Vis
222,RH_Vis_23,Vis
223,RH_Vis_24,Vis
224,RH_Vis_25,Vis
225,RH_Vis_26,Vis
226,RH_Vis_27,Vis
227,RH_Vis_28,Vis
228,RH_Vis_29,Vis
229,RH_Vis_30,Vis
230,RH_SomMot_1,SomMot
231,RH_SomMot_2,SomMot
232,RH_SomMot_3,SomMot
233,RH_SomMot_4,SomMot
234,RH_SomMot_5,SomMot
235,RH_SomMot_6,SomMot
236,RH_SomMot_7,SomMot
237,RH_SomMot_8,SomMot
238,RH_SomMot_9,SomMot
239,RH_SomMot_10,SomMot
240,RH_SomMot_11,SomMot
241,RH_SomMot_12,SomMot
242,RH_SomMot_13,SomMot
243,RH_SomMot_14,SomMot
244,RH_SomMot_15,SomMot
245,RH_SomMot_16,SomMot
246,RH_SomMot_17,SomMot
247,RH_SomMot_18,SomMot
248,RH_SomMot_19,SomMot
249,RH_SomMot_20,SomMot
250,RH_SomMot_21,SomMot
251,RH_SomMot_22,SomMot
252,RH_SomMot_23,SomMot
253,RH_SomMot_24,SomMot
254,RH_SomMot_25,SomMot
255,RH_SomMot_26,SomMot
256,RH_SomMot_27,SomMot
257,RH_SomMot_28,SomMot
258,RH_SomMot_29,SomMot
259,RH_SomMot_30,SomMot
260,RH_SomMot_31,SomMot
261,RH_SomMot_32,SomMot
262,RH_SomMot_33,SomMot
263,RH_SomMot_34,SomMot
264,RH_SomMot_35,SomMot
265,RH_SomMot_36,SomMot
266,RH_SomMot_37,SomMot
267,RH_SomMot_38,SomMot
268,RH_SomMot_39,SomMot
269,RH_SomMot_40,SomMot
270,RH_DorsAttn_Post_1,DorsAttn
271,RH_DorsAttn_Post_2,DorsAttn
272,RH_DorsAttn_Post_3,DorsAttn
273,RH_DorsAttn_Post_4,DorsAttn
274,RH_DorsAttn_Post_5,DorsAttn
275,RH_DorsAttn_Post_6,DorsAttn
276,RH_DorsAttn_Post_7,DorsAttn
277,RH_DorsAttn_Post_8,DorsAttn
278,RH_DorsAttn_Post_9,DorsAttn
279,RH_DorsAttn_Post_10,DorsAttn
280,RH_DorsAttn_Post_11,DorsAttn
281,RH_DorsAttn_Post_12,DorsAttn
282,RH_DorsAttn_Post_13,DorsAttn
283,RH_DorsAttn_Post_14,DorsAttn
284,RH_DorsAttn_Post_15,DorsAttn
285,RH_DorsAttn_Post_16,DorsAttn
286,RH_DorsAttn_Post_17,DorsAttn
287,RH_DorsAttn_Post_18,DorsAttn
288,RH_DorsAttn_Post_19,DorsAttn
289,RH_DorsAttn_FEF_1,DorsAttn
290,RH_DorsAttn_FEF_2,DorsAttn
291,RH_DorsAttn_FEF_3,DorsAttn
292,RH_DorsAttn_PrCv_1,DorsAttn
293,RH_SalVentAttn_TempOccPar_1,SalVentAttn
294,RH_SalVentAttn_TempOccPar_2,SalVentAttn
295,RH_SalVentAttn_TempOccPar_3,SalVentAttn
296,RH_SalVentAttn_TempOccPar_4,SalVentAttn
297,RH_SalVentAttn_TempOccPar_5,SalVentAttn
298,RH_SalVentAttn_TempOccPar_6,SalVentAttn
299,RH_SalVentAttn_TempOccPar_7,SalVentAttn
300,RH_SalVentAttn_PrC_1,SalVentAttn
301,RH_SalVentAttn_FrOperIns_1,SalVentAttn
302,RH_SalVentAttn_FrOperIns_2,SalVentAttn
303,RH_SalVentAttn_FrOperIns_3,SalVentAttn
304,RH_SalVentAttn_FrOperIns_4,SalVentAttn
305,RH_SalVentAttn_FrOperIns_5,SalVentAttn
306,RH_SalVentAttn_FrOperIns_6,SalVentAttn
307,RH_SalVentAttn_FrOperIns_7,SalVentAttn
308,RH_SalVentAttn_FrOperIns_8,SalVentAttn
309,RH_SalVentAttn_PFCl_1,SalVentAttn
310,RH_SalVentAttn_Med_1,SalVentAttn
311,RH_SalVentAttn_Med_2,SalVentAttn
312,RH_SalVentAttn_Med_3,SalVentAttn
313,RH_SalVentAttn_Med_4,SalVentAttn
314,RH_SalVentAttn_Med_5,SalVentAttn
315,RH_SalVentAttn_Med_6,SalVentAttn
316,RH_SalVentAttn_Med_7,SalVentAttn
317,RH_SalVentAttn_Med_8,SalVentAttn
318,RH_Limbic_OFC_1,Limbic
319,RH_Limbic_OFC_2,Limbic
320,RH_Limbic_OFC_3,Limbic
321,RH_Limbic_OFC_4,Limbic
322,RH_Limbic_OFC_5,Limbic
323,RH_Limbic_OFC_6,Limbic
324,RH_Limbic_TempPole_1,Limbic
325,RH_Limbic_TempPole_2,Limbic
326,RH_Limbic_TempPole_3,Limbic
327,RH_Limbic_TempPole_4,Limbic
328,RH_Limbic_TempPole_5,Limbic
329,RH_Limbic_TempPole_6,Limbic
330,RH_Limbic_TempPole_7,Limbic
331,RH_Cont_Par_1,Cont
332,RH_Cont_Par_2,Cont
333,RH_Cont_Par_3,Cont
334,RH_Cont_Par_4,Cont
335,RH_Cont_Par_5,Cont
336,RH_Cont_Par_6,Cont
337,RH_Cont_Temp_1,Cont
338,RH_Cont_Temp_2,Cont
339,RH_Cont_PFCv_1,Cont
340,RH_Cont_PFCl_1,Cont
341,RH_Cont_PFCl_2,Cont
342,RH_Cont_PFCl_3,Cont
343,RH_Cont_PFCl_4,Cont
344,RH_Cont_PFCl_5,Cont
345,RH_Cont_PFCl_6,Cont
346,RH_Cont_PFCl_7,Cont
347,RH_Cont_PFCl_8,Cont
348,RH_Cont_PFCl_9,Cont
349,RH_Cont_PFCl_10,Cont
350,RH_Cont_PFCl_11,Cont
351,RH_Cont_PFCl_12,Cont
352,RH_Cont_PFCl_13,Cont
353,RH_Cont_PFCl_14,Cont
354,RH_Cont_PFCl_15,Cont
355,RH_Cont_pCun_1,Cont
356,RH_Cont_pCun_2,Cont
357,RH_Cont_Cing_1,Cont
358,RH_Cont_Cing_2,Cont
359,RH_Cont_PFCmp_1,Cont
360,RH_Cont_PFCmp_2,Cont
361,RH_Default_Par_1,Default
362,RH_Default_Par_2,Default
363,RH_Default_Par_3,Default
364,RH_Default_Par_4,Default
365,RH_Default_Par_5,Default
366,RH_Default_Temp_1,Default
367,RH_Default_Temp_2,Default
368,RH_Default_Temp_3,Default
369,RH_Default_Temp_4,Default
370,RH_Default_Temp_5,Default
371,RH_Default_Temp_6,Default
372,RH_Default_Temp_7,Default
373,RH_Default_Temp_8,Default
374,RH_Default_PFCv_1,Default
375,RH_Default_PFCv_2,Default
376,RH_Default_PFCv_3,Default
377,RH_Default_PFCv_4,Default
378,RH_Default_PFCdPFCm_1,Default
379,RH_Default_PFCdPFCm_2,Default
380,RH_Default_PFCdPFCm_3,Default
381,RH_Default_PFCdPFCm_4,Default
382,RH_Default_PFCdPFCm_5,Default
383,RH_Default_PFCdPFCm_6,Default
384,RH_Default_PFCdPFCm_7,Default
385,RH_Default_PFCdPFCm_8,Default
386,RH_Default_PFCdPFCm_9,Default
387,RH_Default_PFCdPFCm_10,Default
388,RH_Default_PFCdPFCm_11,Default
389,RH_Default_PFCdPFCm_12,Default
390,RH_Default_PFCdPFCm_13,Default
391,RH_Default_pCunPCC_1,Default
392,RH_Default_pCunPCC_2,Default
393,RH_Default_pCunPCC_3,Default
394,RH_Default_pCunPCC_4,Default
395,RH_Default_pCunPCC_5,Default
396,RH_Default_pCunPCC_6,Default
397,RH_Default_pCunPCC_7,Default
398,RH_Default_pCunPCC_8,Default
399,RH_Default_pCunPCC_9,Default
400,LH-Pu,Subcortical_Cerebellar
401,LH-Ca,Subcortical_Cerebellar
402,LH-NAC,Subcortical_Cerebellar
403,LH-EXA,Subcortical_Cerebellar
404,LH-GPe,Subcortical_Cerebellar
405,LH-GPi,Subcortical_Cerebellar
406,LH-SNc_PBP_VTA,Subcortical_Cerebellar
407,LH-RN,Subcortical_Cerebellar
408,LH-SNr,Subcortical_Cerebellar
409,LH-VeP,Subcortical_Cerebellar
410,LH-HN,Subcortical_Cerebellar
411,LH-HTH,Subcortical_Cerebellar
412,LH-MN,Subcortical_Cerebellar
413,LH-STH,Subcortical_Cerebellar
414,RH-Pu,Subcortical_Cerebellar
415,RH-Ca,Subcortical_Cerebellar
416,RH-NAC,Subcortical_Cerebellar
417,RH-EXA,Subcortical_Cerebellar
418,RH-GPe,Subcortical_Cerebellar
419,RH-GPi,Subcortical_Cerebellar
420,RH-SNc_PBP_VTA,Subcortical_Cerebellar
421,RH-RN,Subcortical_Cerebellar
422,RH-SNr,Subcortical_Cerebellar
423,RH-VeP,Subcortical_Cerebellar
424,RH-HN,Subcortical_Cerebellar
425,RH-HTH,Subcortical_Cerebellar
426,RH-MN,Subcortical_Cerebellar
427,RH-STH,Subcortical_Cerebellar
428,LH-Pulvinar,Subcortical_Cerebellar
429,LH-Anterior,Subcortical_Cerebellar
430,LH-Medio_Dorsal,Subcortical_Cerebellar
431,LH-Ventral_Latero_Dorsal,Subcortical_Cerebellar
432,LH-Central_Lateral-Lateral_Posterior-Medial_Pulvinar,Subcortical_Cerebellar
433,LH-Ventral_Anterior,Subcortical_Cerebellar
434,LH-Ventral_Latero_Ventral,Subcortical_Cerebellar
435,RH-Pulvinar,Subcortical_Cerebellar
436,RH-Anterior,Subcortical_Cerebellar
437,RH-Medio_Dorsal,Subcortical_Cerebellar
438,RH-Ventral_Latero_Dorsal,Subcortical_Cerebellar
439,RH-Central_Lateral-Lateral_Posterior-Medial_Pulvinar,Subcortical_Cerebellar
440,RH-Ventral_Anterior,Subcortical_Cerebellar
441,RH-Ventral_Latero_Ventral,Subcortical_Cerebellar
442,LH_Hippocampus,Subcortical_Cerebellar
443,LH_Amygdala,Subcortical_Cerebellar
444,RH_Hippocampus,Subcortical_Cerebellar
445,RH_Amygdala,Subcortical_Cerebellar
446,Cerebellar_Region1,Subcortical_Cerebellar
447,Cerebellar_Region2,Subcortical_Cerebellar
448,Cerebellar_Region3,Subcortical_Cerebellar
449,Cerebellar_Region4,Subcortical_Cerebellar
450,Cerebellar_Region5,Subcortical_Cerebellar
451,Cerebellar_Region6,Subcortical_Cerebellar
452,Cerebellar_Region7,Subcortical_Cerebellar
453,Cerebellar_Region8,Subcortical_Cerebellar
454,Cerebellar_Region9,Subcortical_Cerebellar
455,Cerebellar_Region10,Subcortical_Cerebellar
