rank,node,system,cis_population_mean,degree_population_mean,peer_pool_n,peer_median_cis,cis_excess_ratio,top50_member
1,414,Subcortical_Cerebellar,0.00456389538012312,235.28339575530586,4,0.0040184975034428475,1.1357218403677003,True
2,400,Subcortical_Cerebellar,0.004287981645196272,226.5318352059925,4,0.0040184975034428475,1.0670609205362314,True
3,415,Subcortical_Cerebellar,0.0037490133616894235,227.4856429463171,4,0.0040184975034428475,0.9329390794637689,True
4,401,Subcortical_Cerebellar,0.003416941357623935,213.34207240948814,3,0.0037490133616894235,0.9114241609648874,True
5,451,Subcortical_Cerebellar,0.002056930299480308,144.68789013732834,7,0.0010909094891300552,1.8855187529082778,True
6,442,Subcortical_Cerebellar,0.0019850233720366487,159.0561797752809,6,0.001522306023182318,1.3039581672856022,True
7,444,Subcortical_Cerebellar,0.0018214822899325664,158.83895131086143,6,0.001522306023182318,1.1965283341156547,True
8,286,DorsAttn,0.001446009092454664,124.59051186017479,9,0.0007968353230942054,1.814689999985995,True
9,97,SalVentAttn,0.0012231297564320696,160.2134831460674,6,0.001522306023182318,0.8034716658843452,True
10,432,Subcortical_Cerebellar,0.0010909094891300552,146.45568039950064,7,0.0012231297564320696,0.8919000485380165,True
11,439,Subcortical_Cerebellar,0.0010393921965053995,146.19975031210987,7,0.0012231297564320696,0.8497808111032784,True
12,428,Subcortical_Cerebellar,0.0010002118629681598,134.43695380774034,9,0.0010002118629681598,1.0,True
13,435,Subcortical_Cerebellar,0.0008514861675966277,131.4594257178527,6,0.0008332047894539572,1.0219410382346112,True
14,430,Subcortical_Cerebellar,0.0008149234113112868,123.80024968789014,9,0.0007968353230942054,1.0226999076130852,True
15,425,Subcortical_Cerebellar,0.0007968353230942054,118.25717852684144,13,0.0006810310584431054,1.1700425600498139,True
16,446,Subcortical_Cerebellar,0.0007660460086275865,103.6729088639201,26,0.0005227308812460507,1.465469204347632,True
17,411,Subcortical_Cerebellar,0.0007433605666747826,114.97378277153558,18,0.000572614807208456,1.2981860708400574,True
18,174,Default,0.0007310484048667262,111.1398252184769,17,0.0005571720316606009,1.3120694566952733,True
19,418,Subcortical_Cerebellar,0.0006986655706459932,125.76779026217228,8,0.0008058793672027461,0.8669604894726389,True
20,437,Subcortical_Cerebellar,0.0006810310584431054,111.00624219725343,17,0.0005571720316606009,1.222299433109293,True
21,355,Cont,0.0006717798605107887,100.8689138576779,30,0.0004921240591220154,1.3650620164949712,True
22,63,SomMot,0.0006258621025645883,93.65168539325843,34,0.00044468438359114186,1.407429911323415,True
23,303,SalVentAttn,0.0005844301112005076,121.29088639200998,11,0.0007310484048667262,0.7994410593195291,True
24,253,SomMot,0.0005798709993921338,88.2247191011236,55,0.00028869615695546627,2.008585793130539,True
25,440,Subcortical_Cerebellar,0.0005607995032164045,109.58052434456928,18,0.0005556482391051909,1.0092707287608957,True
26,177,Default,0.0005585040364043775,99.52933832709114,31,0.00047976508111677,1.1641198127723749,True
27,123,Limbic,0.0005571720316606009,104.70661672908864,25,0.0005317596899795642,1.047789146413135,True
28,199,Default,0.000556630581817845,86.23595505617978,62,0.00027620196619744866,2.0153027492205693,True
29,436,Subcortical_Cerebellar,0.0005541244465497808,103.76404494382022,26,0.0005227308812460507,1.0600568407760724,True
30,433,Subcortical_Cerebellar,0.0005491389346111491,107.23595505617978,21,0.0005367750744094416,1.0230335959904813,True
31,447,Subcortical_Cerebellar,0.0005367750744094416,97.95006242197253,32,0.00047625030948593547,1.1270860379887975,True
32,431,Subcortical_Cerebellar,0.0005339651383064127,107.53682896379526,22,0.0005429570045102953,0.9834390824150201,True
33,227,Vis,0.0005317596899795642,97.93882646691635,31,0.00047976508111677,1.1083751421461605,True
34,109,SalVentAttn,0.0005189003067414405,91.58676654182273,43,0.000398790903832095,1.3011839080459964,True
35,310,SalVentAttn,0.0005137020725125373,94.47440699126092,33,0.00045594116532808495,1.1266850014362904,True
36,301,SalVentAttn,0.0005117500448773388,109.15480649188514,19,0.0005541244465497808,0.9235290882106295,True
37,80,DorsAttn,0.0005035082512653749,90.88389513108615,49,0.00036597173161320647,1.3758118667961219,True
38,302,SalVentAttn,0.0004818766446900147,112.13483146067416,16,0.0005556482391051909,0.867233279576343,True
39,404,Subcortical_Cerebellar,0.0004807398669786558,104.24719101123596,23,0.0005317596899795642,0.9040547375772896,True
40,438,Subcortical_Cerebellar,0.00047976508111677,103.14107365792759,25,0.0005317596899795642,0.9022216052803995,True
41,143,Cont,0.000472735537855101,90.91885143570536,49,0.00036597173161320647,1.2917269204680886,True
42,147,Cont,0.00046839039733764624,92.28589263420724,39,0.00040840583425988543,1.1468748926823367,True
43,284,DorsAttn,0.0004598476490234424,90.88514357053683,49,0.00036597173161320647,1.256511389544843,True
44,139,Cont,0.00045594116532808495,95.61797752808988,33,0.00046839039733764624,0.973421248427971,True
45,429,Subcortical_Cerebellar,0.0004514950227992202,93.45942571785268,34,0.00044468438359114186,1.0153156698534758,True
46,377,Default,0.00044917613800873695,94.62921348314607,33,0.00045594116532808495,0.985162499388534,True
47,188,Default,0.0004455797047886779,90.17103620474407,49,0.000362844152086023,1.2280195291201497,True
48,311,SalVentAttn,0.0004437890623936058,88.33707865168539,53,0.00030161832813112863,1.4713597318285923,True
49,450,Subcortical_Cerebellar,0.0004392722576724323,86.67540574282147,53,0.000298548648947705,1.4713590539456,True
50,99,SalVentAttn,0.0004362907543086809,105.55555555555556,22,0.0005353701063579271,0.814932976509888,True
51,316,SalVentAttn,0.00040840583425988543,85.01123595505618,63,0.00025181798578748386,1.621829485224103,False
52,48,SomMot,0.00040688210332214865,85.65667915106117,59,0.00026765389485805053,1.5201800203129396,False
53,176,Default,0.0004024870239478096,86.2247191011236,59,0.00028062149171447675,1.4342701319445876,False
54,107,SalVentAttn,0.000398790903832095,87.60424469413233,51,0.00030161832813112863,1.3221706595320712,False
55,144,Cont,0.00038988541809950437,83.46816479400749,73,0.00023151514182544937,1.6840601224841618,False
56,82,DorsAttn,0.00037350971151923996,84.17852684144819,68,0.000238718500983811,1.5646450106712508,False
57,288,DorsAttn,0.00036597173161320647,91.19475655430712,44,0.0003816975648093722,0.9588002789485452,False
58,448,Subcortical_Cerebellar,0.000362844152086023,83.0474406991261,70,0.00022974812153767207,1.579312812908144,False
59,307,SalVentAttn,0.0003624860392852363,98.33707865168539,29,0.00047976508111677,0.755549025038383,False
60,267,SomMot,0.00035488365561901704,83.26591760299625,72,0.00022974812153767207,1.5446640139811822,False
61,152,Default,0.0003547639644061169,99.06741573033707,29,0.00047976508111677,0.739453491655369,False
62,111,SalVentAttn,0.0003363343857308266,78.37827715355806,84,0.00016940036872431475,1.9854406945133827,False
63,391,Default,0.00033558717914602775,84.69538077403246,62,0.00024567376661538507,1.3659870313764788,False
64,328,Limbic,0.000331133690807796,86.9151061173533,49,0.00030161832813112863,1.0978566616277894,False
65,106,SalVentAttn,0.00030161832813112863,83.02621722846442,70,0.0002272104107038735,1.3274846306414718,False
66,65,SomMot,0.000298548648947705,78.22971285892635,84,0.0001600015530463323,1.8659109443847277,False
67,399,Default,0.00029653623507552797,73.18102372034956,102,9.572314561943904e-05,3.0978530130471253,False
68,31,SomMot,0.00028869615695546627,96.0749063670412,31,0.0004598476490234424,0.6278082699097347,False
69,356,Cont,0.0002867498587199323,76.57802746566792,96,0.00015115334270429204,1.897079175290974,False
70,419,Subcortical_Cerebellar,0.0002839165756227275,82.12609238451935,69,0.00020929235863261045,1.356554904716381,False
71,117,Limbic,0.000281077807764219,77.729088639201,87,0.0001593693636340918,1.7636878340655662,False
72,219,Vis,0.00028062149171447675,83.00624219725343,68,0.0002272104107038735,1.2350732118530194,False
73,230,SomMot,0.00027830821166822386,97.07365792759052,29,0.00046839039733764624,0.5941800114821765,False
74,357,Cont,0.0002717824406804205,77.62172284644194,88,0.00015856265153872123,1.7140381927458552,False
75,57,SomMot,0.00026765389485805053,81.06367041198502,74,0.0002062601640785183,1.2976519050773232,False
76,378,Default,0.0002573299750195838,73.01248439450687,101,9.672893020449171e-05,2.6603206969783524,False
77,445,Subcortical_Cerebellar,0.0002551763477208301,81.01498127340824,74,0.0002062601640785183,1.2371576880143011,False
78,168,Default,0.0002548193272441568,71.18352059925094,112,7.616961478357975e-05,3.3454196659412463,False
79,351,Cont,0.00025181798578748386,82.6067415730337,68,0.0002100330856050505,1.1989443713692154,False
80,55,SomMot,0.0002498175808423126,75.26591760299625,97,0.00011467173660285643,2.1785453699677357,False
81,228,Vis,0.0002496238220348223,82.77278401997503,69,0.00021434742829996105,1.1645757731485116,False
82,315,SalVentAttn,0.0002458501498385741,69.00249687890137,105,4.678607127731622e-05,5.2547722671848325,False
83,115,Limbic,0.00024334946587583549,70.98751560549313,112,7.616961478357975e-05,3.1948365049142335,False
84,171,Default,0.0002417237111959479,83.66791510611735,64,0.00022974812153767207,1.0521248642997596,False
85,60,SomMot,0.0002406426357285783,81.93008739076154,67,0.00020794843181396987,1.1572226519306315,False
86,146,Cont,0.00024021925846898023,72.8501872659176,101,9.672893020449171e-05,2.4834272224570246,False
87,255,SomMot,0.00023679436623904373,83.64044943820225,64,0.00022974812153767207,1.0306694333525432,False
88,56,SomMot,0.00023472434445206543,82.10986267166042,68,0.00020862039522329015,1.12512654479844,False
89,296,SalVentAttn,0.00023151514182544937,85.2896379525593,54,0.0002507209039111531,0.9233978428359944,False
90,342,Cont,0.00023011797585606466,80.75405742821474,73,0.00020691162262931507,1.112155870858565,False
91,134,Cont,0.0002299582766812836,81.84019975031211,66,0.00020862039522329015,1.102280898447897,False
92,270,DorsAttn,0.00022953796639406054,84.97003745318352,57,0.0002496238220348223,0.9195355015517718,False
93,103,SalVentAttn,0.0002248828550136865,89.70536828963795,44,0.00035868484745212666,0.62696502685049,False
94,390,Default,0.000220526611591354,75.46441947565543,92,0.00012421907873771916,1.7753038730627055,False
95,268,SomMot,0.00021434742829996105,77.7103620474407,84,0.00015966269888845734,1.3425015973812848,False
96,359,Cont,0.0002107738125774905,76.10112359550561,95,0.00014078767099354766,1.4971041930734852,False
97,285,DorsAttn,0.00020929235863261045,80.60549313358302,73,0.00020691162262931507,1.0115060525505641,False
98,225,Vis,0.00020794843181396987,79.9338327091136,72,0.0002020426782335492,1.0292302281481043,False
99,353,Cont,0.00020691162262931507,80.3920099875156,73,0.00020691162262931507,1.0,False
100,193,Default,0.00020560870552772153,76.11111111111111,95,0.00014078767099354766,1.4604169816627242,False
