cis_mean,cis_median,cis_sd,node,mean_rank,top50_rate
0.00456389538012312,0.004122758611701,0.0020468138689394844,414,2.9700374531835205,1.0
0.004287981645196272,0.0038999652283268,0.0018176827453315087,400,3.124219725343321,1.0
0.0037490133616894235,0.0035210105254819,0.0014323002660217086,415,3.4313358302122348,1.0
0.0034169413576239345,0.0031352916831449,0.001369654018395338,401,3.9388264669163546,1.0
0.002056930299480308,0.0017374769067546,0.0012637476539652166,451,10.781523096129838,0.9887640449438202
0.0019850233720366487,0.0016790136977941,0.0010736166077942003,442,10.122347066167292,0.9925093632958801
0.0018214822899325664,0.0015267058916754,0.0010356729346707116,444,12.346441947565543,0.9850187265917603
0.001446009092454664,0.0010742409764483,0.0013964869284714952,286,50.75967540574282,0.700374531835206
0.0012231297564320694,0.0011080169232192,0.0005102436086069682,97,18.50998751560549,0.9662921348314607
0.0010909094891300552,0.0010129682183722,0.00044430519384130784,432,22.965667915106117,0.9363295880149812
0.0010393921965053995,0.0010038229990134,0.0004085361481932214,439,24.530586766541823,0.9113607990012484
0.0010002118629681598,0.0009178159464855,0.0004473852388537594,428,27.042446941323345,0.8876404494382022
0.0008514861675966278,0.0007981038881996,0.0003593535558754937,435,33.5374531835206,0.8264669163545568
0.0008149234113112868,0.0007479316927543,0.0003967931058028861,430,38.508114856429465,0.7578027465667915
0.0007968353230942054,0.0007171162560878,0.00038337690051033795,425,40.04494382022472,0.735330836454432
0.0007660460086275864,0.0005843047950297,0.0006264994054676157,446,62.848314606741575,0.5268414481897628
0.0007433605666747826,0.0006997262226124,0.00032426051255606925,411,41.88389513108614,0.7128589263420724
0.0007310484048667261,0.0006272699253019,0.0005276421096215097,174,63.166042446941326,0.5593008739076155
0.0006986655706459932,0.00069004714409,0.0002309575290278976,418,42.75593008739076,0.7166042446941323
0.0006810310584431054,0.000633877056771,0.0003626740410971461,437,52.394506866416975,0.6129837702871411
0.0006717798605107888,0.0005713029619922,0.0007096207524626434,355,92.50873907615481,0.519350811485643
0.0006258621025645883,0.0005426612726148,0.0006757689423834638,63,101.61797752808988,0.4893882646691635
0.0005844301112005076,0.000565232500438,0.00040316010259084035,303,75.19662921348315,0.5031210986267166
0.0005798709993921337,0.0003036242547492,0.0008386628428422545,253,129.1136079900125,0.3782771535580524
0.0005607995032164044,0.0005307998273872,0.0002938621388236337,440,63.500624219725346,0.4556803995006242
0.0005585040364043775,0.0005639965895182,0.00036895316247515333,177,77.28027465667915,0.5056179775280899
0.0005571720316606009,0.0005306058143256,0.0004030277370580119,123,79.07428214731586,0.45942571785268416
0.0005566305818178449,0.000264689025882,0.0010455868044124184,199,151.62609238451935,0.3445692883895131
0.0005541244465497807,0.0005080379613348,0.0003795612565536238,436,73.9769038701623,0.43196004993757803
0.0005491389346111491,0.0005264707966765,0.00023737720248471155,433,61.8270911360799,0.43820224719101125
0.0005367750744094416,0.0004990191979291,0.0003748970248090668,447,71.44694132334581,0.41448189762796506
0.0005339651383064127,0.0005139412239023,0.00024345315227660086,431,64.67602996254682,0.39325842696629215
0.0005317596899795642,0.0004401621766391,0.0004714965903393293,227,90.43196004993757,0.38701622971285893
0.0005189003067414404,0.0003998491463896,0.0006257615742785441,109,117.08676654182273,0.39575530586766544
0.0005137020725125373,0.000428793635146,0.00048711211200703927,310,101.61610486891385,0.4369538077403246
0.0005117500448773388,0.0005104999277184,0.00032307792280314543,301,77.44881398252184,0.44569288389513106
0.000503508251265375,0.0004480193180597,0.0005895000726220583,80,108.27777777777777,0.3995006242197253
0.0004818766446900147,0.0004186596077558,0.00044263566569295213,302,100.60174781523096,0.39575530586766544
0.0004807398669786558,0.0004775051602792,0.0001883224263134306,404,71.59675405742821,0.33083645443196
0.00047976508111677,0.0004527552796847,0.00023419012460919672,438,74.02871410736579,0.31086142322097376
0.000472735537855101,0.000411262060375,0.0005044636156803145,143,105.29588014981273,0.3470661672908864
0.00046839039733764624,0.0005086973376586,0.00047146995427470897,147,108.35330836454432,0.45068664169787764
0.00045984764902344235,0.000414781603884,0.0005203481437584004,284,113.28214731585518,0.38451935081148564
0.00045594116532808495,0.0003683102186282,0.0003829145497290134,139,96.62359550561797,0.32709113607990015
0.00045149502279922025,0.0004149386736734,0.00030480132420429145,429,87.81772784019975,0.2883895131086142
0.00044917613800873684,0.0003937449996698,0.0004838150603057851,377,112.25905118601747,0.35580524344569286
0.0004455797047886779,0.0004989514627503,0.00040470424513635943,188,102.66416978776529,0.4257178526841448
0.0004437890623936058,0.0003039837688273,0.0005484412625077367,311,124.71660424469414,0.3545568039950062
0.00043927225767243243,0.0003866021688432,0.0003275217070636539,450,91.31398252184769,0.2846441947565543
0.0004362907543086809,0.0004258712086269,0.0003620597262276275,99,96.896379525593,0.31086142322097376
0.00040840583425988543,0.0004398753669975,0.0004695053388328905,316,118.15917602996255,0.4069912609238452
0.00040688210332214865,0.0002752903776414,0.0005453796549308853,48,129.66791510611736,0.2908863920099875
0.0004024870239478096,0.0003825930103882,0.0003480369155824551,176,106.19475655430712,0.2671660424469413
0.000398790903832095,0.0003323187607658,0.0003847992807221659,107,110.93570536828963,0.2571785268414482
0.00038988541809950437,0.0003645288392521,0.0005714374671009736,144,134.77278401997503,0.33458177278401996
0.00037350971151923996,0.0003451441459135,0.0005222692905851794,82,134.3052434456929,0.3258426966292135
0.00036597173161320647,0.000359835613114,0.0005413055474006888,288,138.13046192259677,0.34207240948813983
0.000362844152086023,0.0003262732738424,0.0003893131566272846,448,116.9294631710362,0.20724094881398253
0.0003624860392852362,0.0003341792049808,0.00028466592299174453,307,108.92821473158551,0.22971285892634208
0.00035488365561901704,0.000337478416072,0.0004588089807183309,267,128.97752808988764,0.32459425717852686
0.00035476396440611683,0.0003494870332986,0.00030186298505315495,152,113.0043695380774,0.2634207240948814
0.0003363343857308266,0.000239076203449,0.0007180346660269803,111,167.73408239700373,0.2933832709113608
0.00033558717914602775,0.0002989196968698,0.0002918036820059365,391,115.59176029962546,0.19225967540574282
0.000331133690807796,0.000342457257202,0.00037032279325743844,328,127.2578027465668,0.250936329588015
0.00030161832813112863,0.0002823792985186,0.00034498229380699433,106,132.60923845193508,0.16604244694132334
0.000298548648947705,0.0001835425846225,0.0005509666234341491,65,157.20099875156055,0.2209737827715356
0.00029653623507552797,0.0001524684692926,0.0007408654787291201,399,178.91323345817727,0.2534332084893883
0.0002886961569554662,0.000293540586701,0.00024876910194910956,31,125.7578027465668,0.12234706616729088
0.0002867498587199323,0.0002409478216065,0.0005618923666386706,356,158.1298377028714,0.26092384519350814
0.0002839165756227275,0.0002830097674004,0.000249331943853019,419,125.5330836454432,0.1348314606741573
0.000281077807764219,0.0002598552716573,0.0002274759562710623,117,123.6585518102372,0.10611735330836454
0.00028062149171447675,0.0002186993928582,0.00036780192595304347,219,141.34207240948814,0.16229712858926343
0.00027830821166822386,0.0002858982001173,0.000354418513972751,230,139.0274656679151,0.2459425717852684
0.0002717824406804205,0.0001496540473123,0.0004695735091235672,357,159.14294631710362,0.21722846441947566
0.00026765389485805053,0.0002418440487144,0.00043799450344079625,57,154.09737827715355,0.2247191011235955
0.0002573299750195838,0.0002362373971543,0.00018890353889598803,378,127.63920099875156,0.0599250936329588
0.0002551763477208301,0.0002525152731552,0.0003501492523193862,445,147.86828963795256,0.1735330836454432
0.0002548193272441568,0.0002265513605159,0.00022747705565116127,168,131.9843945068664,0.0898876404494382
0.0002518179857874839,0.0002209880179945,0.0003143605043580402,351,142.1004993757803,0.1348314606741573
0.0002498175808423126,0.0002562128803689,0.0003979560771743758,55,153.12858926342074,0.18976279650436953
0.0002496238220348223,0.0002566934859983,0.00031643484087855725,228,139.3676654182272,0.13358302122347065
0.0002458501498385741,-2.264819855133168e-05,0.0009021175515764863,315,215.145443196005,0.2571785268414482
0.00024334946587583546,0.0002186346457794,0.00033286719160673827,115,149.5143570536829,0.14107365792759052
0.00024172371119594787,0.0002150323129804,0.0002655995347349432,171,140.64357053682897,0.11860174781523096
0.0002406426357285783,0.0002470598629056,0.0002102210592478373,60,133.36079900124844,0.049937578027465665
0.00024021925846898023,0.0001021751992751,0.00045571740850542015,146,168.46317103620476,0.18352059925093633
0.00023679436623904373,0.0002212254008099,0.00024719206130918877,255,140.76404494382024,0.0986267166042447
0.00023472434445206543,0.000279229952163,0.0004138639422404918,56,150.89013732833956,0.21223470661672908
0.00023151514182544937,0.0002380758222262,0.0002684150211678814,296,144.82209737827716,0.08739076154806492
0.0002301179758560647,0.0002410862333404,0.0002759049908890344,342,142.98314606741573,0.1111111111111111
0.0002299582766812836,0.0002188756507013,0.00026148342223995374,134,144.0187265917603,0.09488139825218476
0.00022953796639406057,0.0001813959693728,0.0003393736950724952,270,154.51248439450686,0.14357053682896379
0.0002248828550136865,0.0002154426885656,0.00020294002462608712,103,139.59550561797752,0.05493133583021224
0.000220526611591354,0.0002750243867916,0.00038109385026163925,390,154.32771535580525,0.18601747815230962
0.00021434742829996105,0.0002322117692947,0.00032531664878413387,268,153.46441947565543,0.12109862671660425
0.0002107738125774905,0.0001936471166679,0.0003116414976957668,359,154.7016229712859,0.15730337078651685
0.00020929235863261043,0.0001585949126754,0.0005115016169784923,285,177.2159800249688,0.2247191011235955
0.00020794843181396987,0.0001933227852636,0.0003963166170394986,225,163.32022471910113,0.1560549313358302
0.00020691162262931507,0.0001853234041392,0.0003145297567962112,353,155.48751560549314,0.10986267166042447
0.00020560870552772156,0.0001816050537691,0.00039875461907046153,193,165.79775280898878,0.15730337078651685
0.00020148000896941901,0.0001612052474105,0.0003275116640697629,304,161.6192259675406,0.1373283395755306
0.00019847665093937687,0.0001725245221454,0.00031850195510280734,441,155.27777777777777,0.05368289637952559
0.00019815641744395278,0.0002533244936411,0.00032693935323725894,112,153.8239700374532,0.12109862671660425
0.00019166754042636806,0.0001676485420515,0.000486093585930441,229,178.78214731585518,0.16978776529338327
0.00019156232607775117,0.0001687357404212,0.0005059221697863409,453,175.79151061173533,0.14357053682896379
0.00018878009047239487,0.0001696366740275,0.00022118481568239722,434,154.06367041198502,0.05867665418227216
0.00018529606368396416,0.0001678127196314,0.0003195630474307346,223,165.0948813982522,0.09363295880149813
0.00018283540487242157,0.0001744105513375,0.0002708364102646892,96,159.93570536828963,0.09363295880149813
0.0001787536654987877,0.0001577195805281,0.0004460740610136738,124,177.73470661672908,0.17852684144818975
0.00016612796792977487,0.0001799536818042,0.0003336346964636491,29,168.56367041198502,0.1198501872659176
0.00016004707194984172,0.0002249502637233,0.00039920971426696017,326,175.46691635455682,0.14856429463171036
0.00015997798468935634,0.0001844404233945,0.00023731140176298253,64,160.84456928838952,0.04119850187265917
0.00015995603414282284,0.0001433673641979,0.00023994258881949318,104,165.34956304619226,0.06741573033707865
0.00015936936363409175,0.0001679347340585,0.00030326737413238465,135,171.3171036204744,0.07990012484394507
0.00015811770263053358,0.0001050872087245,0.00038060813829300904,145,184.98064918851435,0.1348314606741573
0.00015775593944335065,9.60174414120334e-05,0.00039383730521670853,194,184.2621722846442,0.12983770287141075
0.00015701064168049684,0.0001849430735961,0.0003605542983089879,88,171.16916354556804,0.12609238451935081
0.00015675811254261111,0.0001538220062067,0.00031608740866592765,214,168.7322097378277,0.09488139825218476
0.00015611964711277585,0.0001578380124537,0.0004340743014851089,62,181.60424469413235,0.15106117353308365
0.0001550507274112442,0.000179404063368,0.0005100024055580163,324,192.0948813982522,0.23845193508114856
0.00015502568452679903,0.0001047732542216,0.00037490616705544065,118,183.77902621722848,0.14232209737827714
0.000151785018129556,0.0001481238624282,0.00048788354036049543,46,187.70536828963796,0.2034956304619226
0.00015171281796173722,0.0001456917620435,0.00026514408489797524,443,169.67166042446942,0.039950062421972535
0.00015123249682042096,0.0001712103187377,0.0004031248482133922,23,177.97315855181023,0.149812734082397
0.00015059386744684683,8.115445009771236e-05,0.00042795305518844346,239,192.92259675405742,0.16604244694132334
0.00014078767099354766,0.0001377292131555,0.0003430412613400548,376,181.44319600499375,0.11235955056179775
0.00013762891083267574,0.000132188955699,0.0004054448190165608,28,183.32646691635455,0.13982521847690388
0.00013696791556583118,0.0001936632261192,0.00040326203841841443,360,179.0749063670412,0.1348314606741573
0.00013666920714049978,8.446408701987452e-05,0.000613162224457478,257,207.44257178526843,0.22347066167290885
0.00013628429174144188,9.581003931176572e-05,0.00034844200964811057,6,187.90262172284645,0.11860174781523096
0.00013069219613659678,0.0001540909229097,0.00031944319480540183,381,179.19038701622972,0.08863920099875156
0.00012486676703620848,0.0001169118973083,0.00017286120263155258,116,171.1498127340824,0.003745318352059925
0.00012430898102365102,0.0001163018953282,0.0002748443882410147,300,179.19912609238452,0.06117353308364544
0.00012412917645178735,3.781180456200689e-05,0.00040858857224292236,108,198.46941323345817,0.10486891385767791
0.00012197139152850466,0.0001033292210024,0.00025610012033789887,289,179.6916354556804,0.049937578027465665
0.00011588328940358367,9.556287394948256e-05,0.0004606368692536909,314,197.62921348314606,0.1111111111111111
0.00011498971272850006,9.637257093661264e-05,0.0002816226346296089,26,183.27528089887642,0.05742821473158552
0.00011467173660285642,0.0001087697283478,0.00023377155007717144,251,180.35518102372035,0.04244694132334582
0.00011366576852715197,7.847649711643817e-05,0.0002562300513329962,215,183.1385767790262,0.049937578027465665
0.0001135455137079753,4.428203330459561e-05,0.00040846296445748654,232,199.38202247191012,0.1585518102372035
0.00010968925024398538,8.460847385377728e-05,0.0002634636972848855,208,184.91573033707866,0.05368289637952559
0.00010587563244825631,8.100968232592937e-05,0.00031214479742992324,305,192.99375780274656,0.06741573033707865
0.00010562927844207287,9.668958851477737e-05,0.00024702709096588124,449,185.95443196004993,0.026217228464419477
0.00010506269990682316,8.931265463787086e-05,0.00021035401771273658,213,183.0087390761548,0.019975031210986267
0.00010378184621106513,8.9181764024966e-05,0.0002670228112044767,32,188.478152309613,0.05493133583021224
0.00010218256389477132,1.7134078560015165e-05,0.0006066811941688686,327,220.83208489388264,0.23220973782771537
0.00010154628869970692,9.535206909847384e-05,0.00021411308776993828,173,184.21785268414482,0.018726591760299626
0.00010040197368541733,9.203550391731872e-05,0.00022664223180347162,204,186.1310861423221,0.0149812734082397
9.966478689748549e-05,0.0001066999522123,0.00029731871352744153,354,191.71660424469414,0.049937578027465665
9.943675911453221e-05,0.00011916163172,0.00038829249172490845,266,193.17540574282148,0.09737827715355805
9.773304730356475e-05,8.343448580508739e-05,0.0002884036709093638,181,189.6198501872659,0.06367041198501873
9.690976663432444e-05,0.0001070285778703,0.00041843196984133775,261,194.0717852684145,0.13358302122347065
9.672893020449171e-05,0.0001118119136056,0.00038408522307396993,281,194.50374531835206,0.09737827715355805
9.498500499239061e-05,0.0001042089605941,0.00038744652949970407,24,197.93320848938828,0.10237203495630462
9.471736103438638e-05,8.259339973223376e-05,0.0003680494154569511,83,196.07365792759052,0.09113607990012484
9.275342963490052e-05,1.048422720317384e-05,0.00043795761791738316,396,208.47503121098626,0.10486891385767791
9.223581446434232e-05,8.782241225653597e-05,0.0002121394204211627,405,188.2478152309613,0.012484394506866416
9.069818359690789e-05,7.630588033925316e-05,0.0001849343563525514,380,186.00187265917603,0.017478152309612985
9.029504017395065e-05,9.21319774999408e-05,0.0002782710263129255,205,191.44007490636704,0.05368289637952559
8.865629824036108e-05,7.985720040051437e-05,0.00025636753926755413,318,193.6167290886392,0.019975031210986267
8.848318205272634e-05,0.0001009811636705,0.00027223090394150936,85,190.1498127340824,0.04868913857677903
8.452229674876587e-05,5.824347699032164e-05,0.0002837489541856168,121,196.4900124843945,0.052434456928838954
8.301115023166754e-05,5.414670326967291e-05,0.0002534685004498995,407,193.56741573033707,0.02746566791510612
8.219968532986342e-05,3.9920828959726434e-05,0.00032700275011477955,34,203.85268414481897,0.06991260923845194
8.161999292861869e-05,0.000154260303003,0.0003426701678495121,187,190.87203495630462,0.06117353308364544
8.154321075892969e-05,7.028293819536665e-05,0.0003398110474703361,69,200.29712858926342,0.07990012484394507
8.051152555052845e-05,8.425513415898642e-05,0.00030654572688044865,66,195.16354556803995,0.05867665418227216
7.78168644554787e-05,0.0001117313068418,0.0004347148562157318,287,201.15917602996254,0.10486891385767791
7.45223651116808e-05,6.827945021486416e-05,0.00030723245703273094,148,201.11298377028714,0.06117353308364544
7.340373967020666e-05,4.508056562825024e-05,0.00028679544459296255,308,199.21785268414482,0.05493133583021224
7.322516867052677e-05,0.0001360892911544,0.00032712680045890154,265,193.4525593008739,0.03745318352059925
7.172713743086264e-05,7.577231030666561e-05,0.00040999710830190195,452,202.52621722846442,0.049937578027465665
6.704512188356958e-05,6.833204323067397e-05,0.00030967773410816543,256,203.18539325842696,0.03495630461922597
6.629379115687783e-05,8.270335834917433e-05,0.0004674391121603313,259,209.3139825218477,0.14731585518102372
6.57836715041286e-05,4.772872492082e-05,0.0002170749260484637,421,199.67977528089887,0.02122347066167291
6.550037672790592e-05,6.135474659974708e-05,0.00017984578006688463,322,196.26966292134833,0.011235955056179775
6.512291320942971e-05,1.0126267878112956e-05,0.0003429496558622036,122,212.1004993757803,0.07615480649188515
6.437376937965425e-05,6.703357119514849e-05,0.00024282564878945316,114,199.7265917602996,0.009987515605493134
6.127325118705006e-05,0.0001260720131973,0.00034434363267296766,386,197.65355805243445,0.04369538077403246
5.751495545179345e-05,3.822315975662973e-05,0.00022996873918306569,113,203.35705368289638,0.006242197253433208
5.7286247702858225e-05,6.892282337207518e-05,0.00026822905363172307,222,200.39450686641698,0.019975031210986267
5.471839724795003e-05,8.609572361199578e-05,0.0004745176979016142,14,208.65543071161048,0.1285892634207241
5.236163993047507e-05,-1.6893300287711894e-05,0.0003576056298468996,3,215.48813982521847,0.07865168539325842
5.1945435506798435e-05,2.2238478298541814e-05,0.00036511438999220193,236,211.94257178526843,0.09488139825218476
5.142529798720081e-05,4.83719859598909e-05,0.00014227673324375417,416,200.14357053682897,0.0
5.089424148448205e-05,6.22154981808895e-05,0.00034593006922764753,18,207.4119850187266,0.07740324594257178
4.9775971496867724e-05,5.233399516096906e-05,0.00028315608172678334,273,207.05493133583022,0.031210986267166042
4.910087264169298e-05,4.413241459330565e-05,0.0002481591249292056,323,205.05867665418228,0.02746566791510612
4.8770226900734505e-05,5.799116343729257e-05,0.0002776180394638355,260,208.2952559300874,0.02871410736579276
4.678607127731622e-05,4.470706402852336e-05,0.00021653114880210974,247,204.2421972534332,0.012484394506866416
4.6456496690852764e-05,5.035246107184108e-05,0.00020565977925084578,216,205.32022471910113,0.006242197253433208
4.511259673673274e-05,4.695903694817283e-05,0.0002764728047571088,292,207.95630461922596,0.031210986267166042
4.190404572571713e-05,4.257079517795862e-05,0.0002038984732553238,102,206.103620474407,0.008739076154806492
3.997905853291156e-05,-1.862667264381092e-05,0.0003305769931434326,312,217.39450686641698,0.0599250936329588
3.9247847797670465e-05,-3.239266777543133e-05,0.00045015937146373325,283,225.56866416978775,0.12983770287141075
3.891311985249782e-05,4.845298474061345e-05,0.0002790708139358584,138,210.3863920099875,0.031210986267166042
3.328442906071819e-05,3.2740178112040404e-05,0.0002901068454031242,369,212.91448189762795,0.046192259675405745
3.3062736176220715e-05,7.161189127003323e-05,0.00032538051480942594,388,210.3401997503121,0.033707865168539325
3.156927648946884e-05,1.3155271406466586e-05,0.00022513045020757931,1,212.80774032459425,0.02247191011235955
3.10327572588109e-05,7.17053959183403e-05,0.0003976337864525482,59,212.3270911360799,0.08739076154806492
2.790094570641187e-05,1.9161524816673737e-06,0.00026731577082597484,394,216.79650436953807,0.03245942571785269
2.6801110677901898e-05,2.9122424849561388e-05,0.0004271953491877207,325,221.67915106117354,0.10486891385767791
2.550452953073798e-05,-2.413300994079816e-05,0.0002786531871454238,201,221.35330836454432,0.031210986267166042
2.2639856417267413e-05,-8.302910844700075e-06,0.0003369100881887524,192,224.5661672908864,0.05867665418227216
2.0771372096352433e-05,-1.2967483339140785e-06,0.00029954365125398275,365,220.3876404494382,0.033707865168539325
1.7121669079952633e-05,-2.5590506817120556e-05,0.00029959728091395846,19,223.01685393258427,0.04868913857677903
1.639413925099898e-05,2.7384835340813703e-05,0.00030095682707708223,151,218.82958801498128,0.033707865168539325
1.5174969619107953e-05,-1.4958527483660811e-06,0.00028597289740968466,374,223.42009987515607,0.02871410736579276
1.4763795384360513e-05,7.98404841642034e-06,0.0003106822945614676,119,221.3139825218477,0.04119850187265917
1.4738162513130366e-05,1.3683313775921323e-05,0.00022344319238591518,245,217.63046192259677,0.012484394506866416
1.0554011971258138e-05,-2.105916130180209e-05,0.0002594722218080163,100,224.1541822721598,0.02871410736579276
9.495843385449902e-06,4.230217436736259e-06,0.0002317951740173191,383,220.62609238451935,0.011235955056179775
3.6274100938314504e-06,1.6184254806722454e-05,0.00023183727547248774,218,221.2921348314607,0.009987515605493134
2.7642543124094763e-06,-8.972369514531572e-05,0.0005540947627845043,110,246.83083645443196,0.12983770287141075
2.652145209730218e-06,-4.110512700038028e-05,0.0004272297776858659,70,233.55555555555554,0.09488139825218476
-1.3380857553416235e-06,9.406923109812224e-06,0.00028525597123891865,368,223.27528089887642,0.02247191011235955
-2.8265482221339055e-06,1.8727599507303835e-05,0.00044761723436962216,198,226.46691635455682,0.07865168539325842
-3.809987259562875e-06,-2.799478848681902e-05,0.0002920211349701266,189,229.38514357053683,0.04119850187265917
-4.4006650576760355e-06,-8.208208543267914e-06,0.00021966403422405475,89,225.23033707865167,0.017478152309612985
-6.243645368253081e-06,-6.443874332209219e-07,0.0002711384311972556,237,226.16479400749063,0.018726591760299626
-6.519995249933716e-06,-2.008169357283017e-05,0.0002561573187952249,7,227.68414481897628,0.019975031210986267
-8.94114633346716e-06,-5.324384563535974e-05,0.0003183830666977857,233,234.45443196004993,0.056179775280898875
-1.020584072661988e-05,-5.274867559015441e-06,0.00022646966249772056,320,227.23720349563047,0.00749063670411985
-1.0772440647981915e-05,5.888323444112987e-05,0.0004068758103471822,313,223.07116104868913,0.0599250936329588
-1.0859341705230021e-05,-2.7382768357910747e-05,0.0002712705278034896,196,231.9912609238452,0.02372034956304619
-1.086861507446127e-05,-3.5744018957256475e-05,0.00035710489577845176,25,233.76903870162297,0.05493133583021224
-1.1853254525914852e-05,-1.9056117774287063e-05,0.0002837331576459941,30,226.43570536828963,0.01373283395755306
-1.5100638106620607e-05,-1.588047107842942e-05,0.0002553692647977937,299,229.37640449438203,0.017478152309612985
-1.6211426639549736e-05,-2.2744993429692117e-05,0.000254367703924332,90,229.00749063670412,0.01373283395755306
-2.2346111229516756e-05,-1.205089426217224e-05,0.0002449716358623074,136,231.7203495630462,0.00749063670411985
-2.549422140011562e-05,-4.761373036985e-05,0.00028740975492689896,190,237.79400749063672,0.02871410736579276
-2.6354572991367324e-05,-3.574917164289152e-05,0.00026821483611757005,331,235.4900124843945,0.02122347066167291
-2.9825248884706674e-05,-6.373182427418611e-05,0.0003358207829612763,91,239.59612983770288,0.05118601747815231
-3.010141929474614e-05,-6.566025749127668e-05,0.00029492445954586193,337,237.89762796504368,0.0299625468164794
-3.179660304969959e-05,-5.1585676524067874e-05,0.00021553841567476835,165,237.6011235955056,0.006242197253433208
-3.381233953010205e-05,-1.933423600850132e-08,0.0003308482538543061,264,233.60424469413235,0.02122347066167291
-3.393818165154423e-05,-3.896921944824342e-05,0.0002619038802728414,221,236.87078651685394,0.018726591760299626
-3.591961313610415e-05,-4.10732032947936e-05,0.0003351817777590779,163,235.4176029962547,0.03620474406991261
-3.60743987068187e-05,-3.9157985193931296e-05,0.00011431517798988976,402,236.4207240948814,0.0
-3.707473772266499e-05,-3.258055503983288e-05,0.0002624502566954635,319,240.49625468164794,0.01373283395755306
-3.8784979740769315e-05,-3.6809381411123225e-05,0.00027456774209671706,184,237.26154806491886,0.018726591760299626
-3.890614901022481e-05,-1.9262784180722364e-05,0.0002177755137462104,175,236.50936329588015,0.0
-3.9174330618778904e-05,-3.5715600092685185e-05,0.00036722050597107333,129,240.98876404494382,0.04868913857677903
-4.251600058933814e-05,-4.3080621022268015e-05,0.0002419191488296575,348,239.81023720349563,0.011235955056179775
-4.2995707506052826e-05,-0.0001526266730573,0.0004873154631704504,21,259.8083645443196,0.08739076154806492
-4.398276062086837e-05,-4.367940644193418e-05,0.00025238665308374307,352,239.46941323345817,0.012484394506866416
-4.4947041294306416e-05,-5.10663184769525e-05,0.00025852403852290784,160,241.00811485642947,0.01373283395755306
-4.686787291638873e-05,-1.2405674073943048e-05,0.00025583025600731075,384,237.792759051186,0.0012484394506866417
-4.719355840552541e-05,-0.0001135915616863,0.00043736829654599023,329,253.47752808988764,0.0599250936329588
-4.847995269023907e-05,-5.139359472464503e-05,0.00018948530828136553,167,241.86329588014982,0.006242197253433208
-4.925276194588201e-05,-6.369203246077182e-05,0.000471468357547815,263,245.82584269662922,0.08239700374531835
-5.284165592131187e-05,-6.0359122447166775e-05,0.00025219542186886133,22,244.13920099875156,0.011235955056179775
-5.323936365911144e-05,-5.123323172592058e-05,0.0003639050030093624,395,245.7553058676654,0.04369538077403246
-5.5885885935007075e-05,-7.459196170548819e-05,0.0002791892220880714,306,250.53932584269663,0.0149812734082397
-5.859804970058053e-05,-5.536881757598161e-05,0.00037470672811587606,54,248.31023720349563,0.03620474406991261
-5.946773136366846e-05,-8.647477733966666e-05,0.00036428274267617436,366,248.33520599250937,0.04369538077403246
-6.07574746849586e-05,-8.210320413530635e-05,0.00032514545847313055,367,247.4656679151061,0.03620474406991261
-6.106107117432661e-05,-5.604030637948528e-05,0.0004559469241066146,17,248.75031210986268,0.08114856429463171
-6.369648570904373e-05,-0.0001161796559112,0.0004274343709528516,398,256.4313358302122,0.07240948813982521
-6.452291423980374e-05,-0.0001334069637112,0.0003566708581670908,397,259.04744069912607,0.0449438202247191
-6.73470605871264e-05,-2.018553181420491e-05,0.0003176462532154984,178,242.18476903870163,0.00749063670411985
-6.826192948648953e-05,-4.192894717514352e-05,0.00027555290685243465,389,248.6972534332085,0.003745318352059925
-7.047774242505195e-05,-0.000121868965362,0.00036094793942296105,20,257.0667915106117,0.05742821473158552
-7.298940625352346e-05,-8.72235945896831e-05,0.0003144683799926187,297,254.59925093632958,0.024968789013732832
-7.34170651368684e-05,-9.475279341094503e-05,0.00025903270683609814,226,254.4956304619226,0.006242197253433208
-7.394397133032687e-05,-8.462993672813013e-05,0.00018985211174667096,169,253.6441947565543,0.0
-7.4059134302537e-05,-9.363965816898303e-05,0.00035344539687171645,74,253.40699126092383,0.0449438202247191
-7.462638551130772e-05,-8.78107898681608e-05,0.0002283776292492003,330,254.71722846441946,0.0024968789013732834
-7.513260050633708e-05,-9.113551650642614e-05,0.00030362091711163153,149,253.95131086142322,0.016229712858926344
-7.903945259335154e-05,-9.005270754825723e-05,0.0002948436332295039,346,253.6697877652934,0.031210986267166042
-7.978972704349312e-05,-9.424096055399236e-05,0.0003084691821147992,195,258.2003745318352,0.024968789013732832
-8.017434079984984e-05,-9.913538767957188e-05,0.0002492979644665292,101,257.41198501872657,0.0012484394506866417
-8.088021356822056e-05,-7.837815432499708e-05,0.0002444115060883083,86,254.39263420724095,0.003745318352059925
-8.224054055558102e-05,-0.0001066404926759,0.00030402522556591976,373,257.92134831460675,0.02122347066167291
-8.427127949780678e-05,-0.000118675207888,0.00033510346405201763,336,260.605493133583,0.03495630461922597
-8.545166149524776e-05,-0.0001191372191379,0.0003500405480865998,4,260.3445692883895,0.05368289637952559
-8.583214682382185e-05,-0.0001051406133061,0.0002964802604999476,333,257.9344569288389,0.02372034956304619
-8.70738156853861e-05,-0.0001048299820357,0.00031613799773490357,344,257.02559300873907,0.02372034956304619
-8.763561007771789e-05,-8.312252196244243e-05,0.0002351180137490854,125,258.8757802746567,0.0024968789013732834
-9.164063635790896e-05,-8.849651099404519e-05,0.0002079948347493367,12,260.15917602996257,0.0
-9.240636663582158e-05,-0.0001014703647202,0.00034660579018504017,153,259.0686641697878,0.026217228464419477
-9.359183061901024e-05,-0.0001378941484825,0.00030423734100982954,358,265.17540574282145,0.02871410736579276
-9.416464359294286e-05,-0.00010167695137,0.00029411453983523467,338,259.24719101123594,0.02372034956304619
-9.421612153177391e-05,-7.565668704361893e-05,0.00024523749670839987,379,258.05118601747813,0.0012484394506866417
-9.490430006678839e-05,-9.568373400133336e-05,0.00021304041174440683,262,261.07428214731584,0.0012484394506866417
-9.501580678282033e-05,-0.0001046305339272,0.0002581304446360722,345,261.5156054931336,0.019975031210986267
-9.511913617009719e-05,-4.51798677601845e-05,0.00030589336234071647,67,251.57053682896378,0.003745318352059925
-9.71634669282639e-05,-0.0001021932892963,0.00022935424506828153,231,260.9531835205992,0.006242197253433208
-9.832686284454087e-05,-1.30665491746304e-05,0.00039352762009855954,454,247.25343320848938,0.008739076154806492
-9.923419131918053e-05,-0.0001235131857259,0.000353411294395385,131,262.9812734082397,0.0299625468164794
-0.00010614340964039442,-0.0001212800718497,0.0002477046970364739,203,265.3258426966292,0.004993757802746567
-0.00010753545606477012,-0.0001122836211087,0.00027409045400564504,161,264.6111111111111,0.011235955056179775
-0.00010836429075171851,-0.0001136422640125,0.000340133548582747,8,262.9425717852684,0.02372034956304619
-0.00011028981423243774,-8.715607570767897e-05,0.0003122992806289833,49,262.3676654182272,0.017478152309612985
-0.00011076516803550023,-0.0001238550292242,0.00028002450186083677,298,265.3601747815231,0.01373283395755306
-0.0001115599945511018,-0.0001460947028219,0.0002706793130980401,120,270.5923845193508,0.02372034956304619
-0.0001121499092723186,-0.0001345278344749,0.00021432677806387882,206,270.8751560549313,0.004993757802746567
-0.00011323167596702453,-0.0001250877589891,0.00021105195566102253,142,270.4425717852684,0.003745318352059925
-0.0001136377173386554,-0.0001373133926034,0.00045450150807156085,53,265.4719101123595,0.05493133583021224
-0.0001152802847655198,-9.141234037005228e-05,0.00024718416357122445,172,265.94194756554305,0.0
-0.00011548975805423958,-9.573540095893708e-05,0.00032835098739092655,224,263.4669163545568,0.01373283395755306
-0.00011553279072060831,-0.0001105813548325,0.0002187416171738213,27,268.5730337078652,0.003745318352059925
-0.00011558470133354202,-0.0001372185360108,0.00024273544279753334,241,270.57553058676655,0.008739076154806492
-0.00011651972935081524,-0.0001086505600442,0.0001788949240753914,417,270.79026217228466,0.0012484394506866417
-0.0001168212310533078,-0.0001368957808145,0.0002995031685708998,150,269.4188514357054,0.016229712858926344
-0.00011764655674931609,-7.417312498178101e-05,0.00033655263041224443,179,260.4282147315855,0.012484394506866416
-0.00011983502803276378,-0.0001349691800861,0.00026932260136536723,252,271.80649188514354,0.006242197253433208
-0.0001213407395205991,-0.0001236390752384,0.00026177802529494095,16,271.77965043695383,0.009987515605493134
-0.00012193903091167852,-0.0001326363938715,0.0002029168605563356,382,271.85767790262173,0.0024968789013732834
-0.0001221811852764687,-0.0001161253969882,0.00027321232548984054,191,268.8632958801498,0.004993757802746567
-0.00012566470561835107,-0.0001360258086921,0.00026311226170906037,309,273.2883895131086,0.0149812734082397
-0.0001275894314238817,-0.0001623219572804,0.00027982300078660636,234,276.94631710362046,0.009987515605493134
-0.00012801957199384527,-0.0002097017489466,0.00041851687499025605,258,278.980024968789,0.06367041198501873
-0.00013237743657600572,-0.0001347136155279,0.00023511531153642588,211,275.91822721598004,0.003745318352059925
-0.0001337533793232254,-0.0001644245628216,0.00030667107654138256,33,277.3270911360799,0.006242197253433208
-0.00013513570951585382,-0.0001082523220663,0.0003781474850705815,81,265.5249687890137,0.0149812734082397
-0.00013692886555896099,-0.0001248717325032,0.0002469987474016134,105,274.61173533083644,0.0012484394506866417
-0.00013698035544211628,-9.7594333531654e-05,0.0003834795021214137,340,268.56928838951313,0.019975031210986267
-0.00013893496541043793,-0.0001616714426993,0.0002257492431215954,406,280.1697877652934,0.008739076154806492
-0.00013895757246681773,-0.0001372042363468,0.00023953524470368868,350,277.085518102372,0.003745318352059925
-0.000139782290333141,-0.0001375511224551,0.00027132920199200884,341,275.0998751560549,0.008739076154806492
-0.00014020033725212216,-0.0001677248455803,0.0003125892473645395,15,278.98377028714106,0.02372034956304619
-0.0001432904687109059,-0.0001676424224614,0.000267024260768112,58,280.37952559300874,0.012484394506866416
-0.000150110734028744,-0.0001589780874375,0.0002640806651250432,332,279.48501872659176,0.004993757802746567
-0.0001520179641335486,-0.0001150002868816,0.00035202159529959255,11,272.5280898876405,0.012484394506866416
-0.00015534114297409933,-0.0001559016187836,0.00020239666891070122,385,284.4719101123595,0.0
-0.00015567284449046696,-8.44390477331315e-05,0.00037328987422745205,182,267.35955056179773,0.006242197253433208
-0.00015578676594545906,-0.000157624339808,0.00029757295128904197,42,280.2802746566791,0.008739076154806492
-0.00015629619408194035,-0.0001712298476909,0.0002486979640857469,68,286.79338327091136,0.008739076154806492
-0.00015659276600571952,-0.00015919826552,0.00022184931571922418,36,284.8951310861423,0.0012484394506866417
-0.00015808676190822433,-0.0001928513721824,0.00029570611003073395,290,287.31086142322096,0.01373283395755306
-0.00015928346650026767,-0.0001296978748344,0.0003137052191166592,212,277.4313358302122,0.004993757802746567
-0.00015961320058879822,-0.0001653980021547,0.0003096014958803584,94,282.1716604244694,0.026217228464419477
-0.0001599309608624511,-0.0001365997172354,0.0002763375234222474,217,281.0730337078652,0.0012484394506866417
-0.0001607823763530578,-0.0001599094044996,0.00022104910470870917,387,287.33208489388267,0.0012484394506866417
-0.00016321117624295675,-0.0001801223289694,0.00028333475217621557,71,286.772784019975,0.00749063670411985
-0.00016813389436872122,-0.0001245270106704,0.0003175337155042488,61,278.7665418227216,0.0
-0.00016876441387858845,-0.0001529216560781,0.0003379253594933119,269,280.9812734082397,0.011235955056179775
-0.00017023844190278427,-0.0001510758207713,0.00029392821415744476,207,284.1991260923845,0.0012484394506866417
-0.00017185498917794193,-0.0001754505401665,0.00019242583529861592,347,291.95755305867664,0.0
-0.0001740708375832357,-0.0001753358418812,0.0002875388937827442,126,287.7771535580524,0.008739076154806492
-0.00017827768760904353,-0.0001394791873925,0.0003569205905589686,276,280.92571785268416,0.004993757802746567
-0.00017985884274361667,-0.0001821059770823,0.00022308315344516164,185,293.01498127340824,0.0012484394506866417
-0.00018229178464332227,-0.0001787071749849,0.00022615362759346324,244,294.10049937578026,0.0
-0.00018646646439372184,-0.0001708402999873,0.00023163641764264645,141,294.6791510611735,0.0012484394506866417
-0.00018760029626188471,-0.0001865277702558,0.0002045211344658995,39,297.83083645443196,0.0
-0.00018920187206404747,-0.000181432187493,0.00028459623008564875,349,295.3876404494382,0.0024968789013732834
-0.000190223314927979,-0.0002113437632118,0.0002513022002523449,37,299.08177278401996,0.0024968789013732834
-0.0001936924729227892,-0.0001632140156641,0.0002725046788127031,137,293.9912609238452,0.0
-0.00019473808441508453,-0.0002349475694109,0.0004702620903936965,79,287.4812734082397,0.06991260923845194
-0.00019551008995611247,-0.0001476702559377,0.00030944834905976756,220,289.9176029962547,0.0024968789013732834
-0.0001960185176638287,-0.000184674125937,0.00029027079895524357,370,294.64232209737827,0.003745318352059925
-0.0001995082924796074,-0.0002660747481101,0.0003293316534040081,133,300.68789013732834,0.006242197253433208
-0.000200032775413983,-0.0001887916167607,0.000270895776462827,5,297.6092384519351,0.004993757802746567
-0.000201064526613616,-0.0002034711010053,0.00041291023122178516,77,290.70911360799,0.0299625468164794
-0.00020437235199870647,-0.0002808631124098,0.0003104234502119524,249,306.4481897627965,0.026217228464419477
-0.00020781857165679904,-0.0002279584238172,0.00027931743311904926,271,302.24968789013735,0.008739076154806492
-0.00020901541249128473,-0.0002124712990217,0.0002737351055000779,343,300.87265917602997,0.006242197253433208
-0.0002102415275002624,-0.0002133924610305,0.00022905521613397113,170,305.0449438202247,0.0
-0.00021166981097672528,-0.0002070500923154,0.0002708053178764721,363,302.94631710362046,0.0
-0.0002118117339060125,-0.0002098040663388,0.00020844755511601205,210,306.5518102372035,0.0012484394506866417
-0.0002159149710148315,-0.000241896314699,0.0002617522563149898,93,306.9769038701623,0.00749063670411985
-0.00021634403276105913,-0.0002671613574585,0.00030883640620546515,35,310.143570536829,0.012484394506866416
-0.00021652232462114602,-0.0002191114083054,0.00025549723382947367,362,305.8533083645443,0.0012484394506866417
-0.00021802365670875505,-0.0002143348647368,0.0003322540713498661,10,300.9513108614232,0.006242197253433208
-0.00021985030211527836,-0.0002463925917564,0.000382303199326856,393,299.23096129837705,0.017478152309612985
-0.0002226290596242436,-0.0002494483665342,0.0003698866262825584,73,303.7615480649188,0.018726591760299626
-0.00022336444332197907,-0.0002315239807919,0.00019527532054640918,420,312.95255930087393,0.0
-0.0002238551681348943,-0.0002726062289797,0.00030530308447643446,235,311.6011235955056,0.008739076154806492
-0.00022401025209207797,-0.0001746196503039,0.0003349098865373806,317,295.54119850187266,0.0
-0.00022560978290040007,-0.0001984338635097,0.00036302626058976685,183,296.3601747815231,0.009987515605493134
-0.00022696849826997487,-0.0002350884900764,0.0002724309419862012,156,309.2896379525593,0.004993757802746567
-0.0002291144486472158,-0.0002358253760062,0.000290336050846142,162,306.3863920099875,0.003745318352059925
-0.00023269135618012515,-0.000216461785471,0.00019600516834484467,403,315.82209737827714,0.0
-0.0002332354981835215,-0.0001482605272781,0.0003908769235764174,291,292.6835205992509,0.0012484394506866417
-0.0002379006408469936,-0.0002578651761708,0.00021525887047783182,98,318.6248439450687,0.0
-0.00024409789595251574,-0.0002585240122181,0.00024321178384516796,197,319.29213483146066,0.003745318352059925
-0.0002541782754825293,-0.0003000674635777,0.00036504998671936593,78,314.914481897628,0.02122347066167291
-0.000255061503639431,-0.0002754603730008,0.00034381674206730744,95,316.1903870162297,0.016229712858926344
-0.0002555699344108551,-0.0002371692515071,0.00019601973661682078,423,323.47752808988764,0.0
-0.00025770615955922284,-0.0003296428826563,0.00037387448304752944,282,318.00187265917606,0.02247191011235955
-0.0002716717871117101,-0.0002664860716405,0.0002493658786884405,13,323.80337078651684,0.0
-0.000271853649863281,-0.0002932257538872,0.0002790232763827367,277,324.3364544319601,0.0012484394506866417
-0.0002754862629015595,-0.0003040324763144,0.00023081426373466443,200,332.561797752809,0.0012484394506866417
-0.0002778708892136849,-0.0002465837976433,0.00031434813128015005,84,317.9313358302122,0.0
-0.0002787553305514396,-0.000312620180271,0.00021231746207679963,339,332.0805243445693,0.0012484394506866417
-0.00027948775463506464,-0.000269831511859,0.00033188161648820864,128,317.88264669163544,0.009987515605493134
-0.00028043871525674233,-0.0002771463037811,0.0002677171669661927,295,325.6666666666667,0.0
-0.000281766369923327,-0.000295027901367,0.0002793500653951867,92,325.09862671660426,0.0
-0.0002856966500604512,-0.0002827322982099,0.00024372030683645897,392,330.5998751560549,0.0
-0.0002866810317633805,-0.0002715791336638,0.00029661189806847745,279,326.0430711610487,0.0024968789013732834
-0.00028703264144148006,-0.0002654552380861,0.0003399641500075879,164,320.2028714107366,0.008739076154806492
-0.0002892923587948279,-0.0003726844487986,0.0003108813726721709,238,334.67228464419475,0.008739076154806492
-0.0002929324551973388,-0.0003128785669163,0.00023948622173351457,408,335.1622971285893,0.0024968789013732834
-0.00029409113457021626,-0.0003334848262329,0.00023072138247923,38,337.99313358302123,0.0012484394506866417
-0.00029687381205213703,-0.0003095707869134,0.00020985677071191697,202,339.5143570536829,0.0
-0.00029718169385671925,-0.0002904026943374,0.00030540603682669364,132,327.8801498127341,0.003745318352059925
-0.00029793743243883465,-0.0003057273753893,0.00023086177729392325,180,336.3083645443196,0.0
-0.0002992197990187457,-0.0002987110023962,0.00023652592355756283,250,335.51186017478153,0.0
-0.0003004598925419373,-0.0002800098274069,0.0003797666271326703,51,318.15980024968786,0.003745318352059925
-0.00030294189119249327,-0.0002869246428234,0.0002621034239203131,209,333.30649188514354,0.0
-0.00030347126618557064,-0.0003200474510507,0.0002376708915325959,87,337.92259675405745,0.0
-0.0003051685297181935,-0.0003131136796041,0.0002519789141764,334,336.09425717852685,0.0
-0.00030826605116273753,-0.0003045173383195,0.00024357624204138508,155,338.79213483146066,0.0
-0.0003092008141967985,-0.0003649482718151,0.0004103698182095293,280,333.5667915106117,0.04119850187265917
-0.00031367789222765265,-0.0003161388757672,0.00016301383770464132,0,348.29088639201,0.0
-0.00031806439764321464,-0.0003162460259025,0.00030683252773685,372,334.107365792759,0.0012484394506866417
-0.0003198893607004379,-0.000421513735612,0.0003296690958759898,242,340.7784019975031,0.00749063670411985
-0.00032056363457935917,-0.0003348262416301,0.00022206769320508228,422,345.32646691635455,0.0
-0.0003210799523263941,-0.0002968990570538,0.00019078537939844515,409,346.6685393258427,0.0
-0.00032435153677775474,-0.0003109474114792,0.0002671656430320339,186,339.9001248439451,0.0
-0.0003312855321724016,-0.00037173649264,0.00040785087019520297,76,336.42322097378275,0.02746566791510612
-0.00033217218108313215,-0.0003417094092729,0.0002738003891808871,159,344.7596754057428,0.0024968789013732834
-0.00033426539150044663,-0.000398939459747,0.00031070959728586773,375,340.8114856429463,0.0
-0.00033560717108032805,-0.0003489924571027,0.0002802832286224962,154,344.8439450686642,0.0
-0.00033992258326408876,-0.0003798258342678,0.0003056085959975167,293,345.521847690387,0.006242197253433208
-0.00034521104566513107,-0.0003835931227141,0.00029081018333313547,9,346.9550561797753,0.003745318352059925
-0.0003499509020027695,-0.0003900554969529,0.00032878898334378807,274,351.085518102372,0.012484394506866416
-0.00035340914448580717,-0.000333199579281,0.0003021247358704739,455,343.60986267166044,0.0
-0.0003597266496500704,-0.0004027611060153,0.00030471437563468914,40,349.15480649188515,0.0
-0.00035979146065096815,-0.0004062625714828,0.0003099434911801798,321,347.61423220973785,0.0
-0.0003620491874092317,-0.0003521691765279,0.00039608066159351255,130,335.70973782771534,0.00749063670411985
-0.0003627025763562019,-0.0003713881686407,0.0002552448073255924,254,355.60299625468167,0.0
-0.00037004582091437863,-0.0004350274320336,0.00028516876046897504,240,357.8957553058677,0.0
-0.0003731410350963959,-0.0003846328454171,0.00022022556113335452,371,361.18913857677904,0.0
-0.0003732089068649862,-0.0003973639599387,0.00022161774376356933,2,362.42322097378275,0.0
-0.00037582945069592296,-0.0003716893358533,0.00019117348096207336,246,365.4887640449438,0.0
-0.00037993940016971023,-0.0004284327933127,0.00021394362850265419,243,365.0518102372035,0.0
-0.00038290146565776034,-0.0003903488118359,0.00026106744829469696,364,359.2041198501873,0.0
-0.00038408882447110346,-0.0004025995432576,0.00020262362519831304,166,367.9531835205992,0.0
-0.00038442961866774696,-0.0004036302776852,0.0002218328674476888,272,365.7696629213483,0.0
-0.00038828561385076686,-0.0003934699060921,0.00020160315314651564,413,367.9987515605493,0.0
-0.00040154440778011874,-0.0003991953590655,0.00018846595990753556,427,373.61298377028714,0.0
-0.00040317438258179324,-0.0004055429716756,0.00022622611044566338,47,369.34019975031214,0.0
-0.00040956648794377836,-0.0004300053298946,0.0002922424974531071,335,364.2883895131086,0.0012484394506866417
-0.00042522333950900144,-0.0004457230339895,0.00026517919767142875,158,370.6928838951311,0.0
-0.00043102817496775553,-0.0004402018288555,0.00020378510382576046,248,380.4051186017478,0.0
-0.0004317630688566425,-0.00043496230781,0.0002622005140109539,50,372.4469413233458,0.0
-0.0004323901742954751,-0.0004304485800097,0.000230056220803598,275,376.772784019975,0.0
-0.0004547599793575113,-0.0004458821741278,0.00025183590246039423,45,380.80774032459425,0.0
-0.0004575931830860822,-0.000475611439716,0.00028033174041523247,75,377.94007490636704,0.0
-0.00046229816179294594,-0.0004568400796316,0.0002659011714949464,72,380.519975031211,0.0
-0.0004628147648120854,-0.0004739262250212,0.00022657470984046053,52,385.65667915106116,0.0
-0.0004696829023559434,-0.0004327405872148,0.0002436332733715226,410,384.48813982521847,0.0
-0.0004701676621700351,-0.000504036273643,0.0002743118463954474,44,381.53495630461924,0.0
-0.0004744020377870324,-0.0004891258734147,0.0002849826509958943,140,381.90262172284645,0.0012484394506866417
-0.00047707129402634074,-0.0004955732788259,0.00028966034136565397,294,381.85393258426967,0.0
-0.0004790549730704685,-0.0004853077647353,0.00022822779002125957,43,389.65230961298374,0.0
-0.000483528437549048,-0.000533710555043,0.00021409045344734652,41,392.6416978776529,0.0
-0.0004868357271936291,-0.0004718219480541,0.00023896835583360593,424,389.9893882646692,0.0
-0.0004936612866735181,-0.0005111334460182,0.0002717841664803669,278,388.2191011235955,0.0
-0.0005017332919848017,-0.0005438527055009,0.00028317910428879065,157,388.4176029962547,0.0
-0.0005104452680939108,-0.0004914412156561,0.0003319844138760134,127,381.1791510611735,0.0
-0.0005289648335575385,-0.0005346143991198,0.00028089082660512447,361,393.61298377028714,0.0
-0.0007278691715451774,-0.0006901679324974,0.00030566134198678745,412,425.4375780274657,0.0
-0.0007529547092246854,-0.0007297285468706,0.00028962135764074124,426,429.93882646691634,0.0
