node,cis_mean,cis_median,cis_sd,degree_mean,strength_mean,cv,top50_rate,topdecile_rate
0,-0.0003108443130471,-0.0003147265666829,0.0001654696798475,47.903333333333336,19124.03868482559,-0.5323233300473474,0.0,0.0
1,3.224352802593234e-05,1.666605254668506e-05,0.0002244301667297,66.92444444444445,19787.17078747397,6.960471774343536,0.0211111111111111,0.0177777777777777
2,-0.0003618458300719,-0.0003832504795734,0.0002231917900448,45.29888888888889,14034.584994073402,-0.616814597533175,0.0,0.0
3,6.017139751214204e-05,-6.096363379039716e-06,0.0003550291733069,69.92333333333333,18254.911673051392,5.900297948627816,0.0844444444444444,0.0766666666666666
4,-7.291270844100623e-05,-9.758175954716603e-05,0.0003477555656188,62.49888888888889,17282.620984858102,-4.769478093112152,0.0533333333333333,0.0433333333333333
5,-0.0001866272841546,-0.0001614183206589,0.000269110223666,55.49333333333333,19424.853577848804,-1.4419661352569446,0.0044444444444444,0.0044444444444444
6,0.0001218306468612,7.481439412511515e-05,0.0003480797376883,69.59,10744.79115720715,2.857078630509181,0.1133333333333333,0.1055555555555555
7,-9.457044136670252e-07,-1.7511298203400506e-05,0.0002570843083527,69.93222222222222,23703.206337118885,-271.8442513722288,0.02,0.0177777777777777
8,-9.996786456994664e-05,-0.000107520181174,0.0003373010660754,59.06444444444445,15029.482504782876,-3.374094940674128,0.0233333333333333,0.0177777777777777
9,-0.0003357916481326,-0.0003637923501851,0.0002889936805508,44.06,8233.394809529756,-0.8606339143867712,0.0033333333333333,0.0033333333333333
10,-0.0002035576332126,-0.0001962420157351,0.000331624725804,51.60666666666667,9438.317461157763,-1.629144142472885,0.0077777777777777,0.0066666666666666
11,-0.0001393183583919,-0.0001108108205312,0.000368417803301,57.31666666666667,16841.288183337998,-2.644431125613925,0.0155555555555555,0.0144444444444444
12,-9.270836878112632e-05,-9.468139474044276e-05,0.0002073310071072,56.74444444444445,7830.465679169131,-2.2363785474071487,0.0,0.0
13,-0.000266956773526,-0.0002650476061446,0.0002484077443614,51.74222222222223,18134.50039709462,-0.9305167315306392,0.0,0.0
14,7.911349098788782e-05,9.707635496504402e-05,0.0004913341803478,70.71777777777778,15079.576747317024,6.210498035323066,0.1355555555555555,0.1144444444444444
15,-0.0001323335525971,-0.0001569727045381,0.0003117837480431,55.82222222222222,7244.918905304289,-2.356044570134596,0.0222222222222222,0.0211111111111111
16,-0.0001246890055192,-0.0001276297855175,0.0002625043029726,63.82111111111111,18431.34552311621,-2.105272248178571,0.01,0.0077777777777777
17,-4.009686880152312e-05,-3.5465285031380985e-05,0.0004607785711712,63.36111111111112,12767.683665029836,-11.49163475711956,0.09,0.0733333333333333
18,5.982779558056759e-05,7.583011017658044e-05,0.0003475399444871,70.19777777777777,21252.18861078306,5.809004679423942,0.0788888888888888,0.0677777777777777
19,2.974742540782095e-05,-5.306636454297472e-06,0.0003021602635845,65.24777777777778,8600.451405902455,10.157526557073597,0.0522222222222222,0.0444444444444444
20,-5.986538364545195e-05,-9.997680916727936e-05,0.0003600977667026,60.653333333333336,12876.989013044373,-6.015125015071988,0.0577777777777777,0.0511111111111111
21,-3.571326412756937e-05,-0.0001364556341357,0.0004750160616052,63.09888888888889,11606.906269034056,-13.300830187587373,0.0855555555555555,0.0744444444444444
22,-4.781158483837149e-05,-5.643529871032498e-05,0.0002514889661997,67.63777777777777,20982.611563121634,-5.260000626415234,0.0122222222222222,0.01
23,0.0001664575712819,0.0001766955897748,0.0004059049982229,75.68888888888888,16414.796353337344,2.4384892504250013,0.1577777777777777,0.1466666666666666
24,0.0001067103878572,0.0001122748915377,0.0004082321282893,71.85222222222222,19577.13788894125,3.82560813887625,0.1066666666666666,0.09
25,-3.961233848486858e-06,-2.066585056566226e-05,0.0003534883430353,64.80333333333333,10729.086932142782,-89.23692883477138,0.0544444444444444,0.0455555555555555
26,0.0001220194267839,9.9640606928379e-05,0.0002950600043304,74.05555555555556,17374.435170525132,2.4181395709457005,0.0655555555555555,0.0555555555555555
27,-0.0001191301484409,-0.0001146644084363,0.0002213578066339,59.54666666666667,10842.539753791183,-1.858117441560632,0.0033333333333333,0.0011111111111111
28,0.0001548811263552,0.0001506694093801,0.0004065057125164,74.72555555555556,13932.042568996889,2.6246303993424083,0.1433333333333333,0.1311111111111111
29,0.0001786262843021,0.0001985832682993,0.0003330217807144,76.6511111111111,14406.390113240886,1.864349258651883,0.1266666666666666,0.1055555555555555
30,-4.362872451164075e-06,-1.1793740562112216e-05,0.0002894828813493,62.583333333333336,11113.04070915997,-66.35144267675132,0.0166666666666666,0.0133333333333333
31,0.0002860444120323,0.0002901012242572,0.0002471885952193,95.71555555555555,17247.736240893802,0.8641615945689267,0.1233333333333333,0.1
32,0.0001045698232992,9.015146148553994e-05,0.0002671768579205,79.76555555555555,19859.75193440175,2.555009174643825,0.0555555555555555,0.0466666666666666
33,-0.0001408916540417,-0.0001721545181671,0.0003040219393929,61.45222222222223,9588.074029072986,-2.157842077025656,0.0066666666666666,0.0022222222222222
34,7.119004800861397e-05,2.833609033105944e-05,0.0003274722867042,79.04888888888888,16799.449845535182,4.599972831380272,0.0677777777777777,0.0588888888888888
35,-0.0002132530507849,-0.0002601666591745,0.0003075832526182,57.04111111111112,12656.649849393194,-1.4423392841796916,0.0133333333333333,0.01
36,-0.0001603060857102,-0.0001659986091076,0.0002220950093883,59.51444444444444,11840.926674598091,-1.3854434059958525,0.0011111111111111,0.0011111111111111
37,-0.0001900756669959,-0.0002078921876711,0.0002508823860054,58.07888888888889,12242.18656322774,-1.3199079607111373,0.0033333333333333,0.0022222222222222
38,-0.0002917768445359,-0.00033217820515,0.0002338133323798,53.78333333333333,9693.297081980943,-0.8013430015384849,0.0011111111111111,0.0011111111111111
39,-0.000183756692225,-0.0001822789228172,0.0002043494689606,61.60888888888889,11186.23457847173,-1.1120654518006652,0.0,0.0
40,-0.0003498825756042,-0.0003958319095577,0.0003052639336659,47.717777777777776,7915.5814235437,-0.8724753816013722,0.0,0.0
41,-0.0004782239350976,-0.0005251552852515,0.000214489208544,42.97111111111112,8284.655956144838,-0.448512073115378,0.0,0.0
42,-0.0001439692560026,-0.0001457733066412,0.0002970510533634,62.92444444444445,11154.982392482189,-2.0632950507012544,0.0088888888888888,0.0077777777777777
43,-0.0004748149294967,-0.0004755416042647,0.0002282444191496,42.56,7844.779278916245,-0.480701858704283,0.0,0.0
44,-0.0004595912388224,-0.0004921214651236,0.0002759055414313,43.39111111111111,6111.165338446837,-0.600328113604305,0.0,0.0
45,-0.0004453364085103,-0.0004386125641399,0.0002517144607793,46.04333333333334,8640.666265707488,-0.5652231795313851,0.0,0.0
46,0.0001744894252992,0.000168710569608,0.0004913197814788,76.21111111111111,16682.222325363367,2.8157567751524315,0.22,0.2044444444444444
47,-0.0003995094203488,-0.0003997142613014,0.0002249843904633,45.653333333333336,8578.20733272372,-0.5631516530119572,0.0,0.0
48,0.0003867200881356,0.0002612053050358,0.0005335275048152,84.59,18417.074943474938,1.3796219053096384,0.2766666666666666,0.26
49,-9.77317072244772e-05,-7.468701695523498e-05,0.0003122017826346,59.156666666666666,10557.550040112135,-3.1944779386444218,0.0166666666666666,0.0133333333333333
50,-0.0004296721556116,-0.0004313314409291,0.0002632245511981,43.26444444444444,8477.450208756783,-0.6126171960652341,0.0,0.0
51,-0.0002817340338278,-0.0002669930531226,0.0003818102149003,56.714444444444446,12830.683950644145,-1.355215093160162,0.0066666666666666,0.0055555555555555
52,-0.0004652046171396,-0.000477315414071,0.0002257343203891,38.736666666666665,5909.042879133721,-0.4852366293720895,0.0,0.0
53,-0.0001343950255542,-0.0001642771114087,0.000451002240316,51.59444444444444,4897.355831736012,-3.3557956364542703,0.05,0.0444444444444444
54,-7.385841119819729e-05,-6.746211786601069e-05,0.0003733958039484,53.36111111111112,7919.19146592795,-5.055562364406045,0.0322222222222222,0.0266666666666666
55,0.0002348367131763,0.0002381985667641,0.0004006039295301,74.25666666666666,11700.337699314034,1.705882883947891,0.1833333333333333,0.1666666666666666
56,0.0002593814878882,0.0002996630278692,0.0004219753486314,83.39111111111112,25959.59049954133,1.6268522170449975,0.2211111111111111,0.1955555555555555
57,0.0002744297686778,0.0002463950960162,0.0004400795014376,81.41555555555556,13002.209193688092,1.6036143001466594,0.2244444444444444,0.2088888888888889
58,-0.0001469599101337,-0.0001720764886206,0.0002634413432585,58.04111111111112,12056.81789349388,-1.792606861414623,0.01,0.0088888888888888
59,4.919593305553613e-05,8.529039874143054e-05,0.0003976525274655,71.02888888888889,11966.028880250116,8.08303660013208,0.0944444444444444,0.0788888888888888
60,0.0002412233281695,0.0002486738615613,0.0002072557238483,81.97777777777777,20448.13839674743,0.859186072180914,0.0477777777777777,0.04
61,-0.0001541677117205,-0.0001103809806973,0.0003144316637871,50.833333333333336,7584.045975732315,-2.039542912572841,0.0,0.0
62,0.0001426922960045,0.0001418919012191,0.0004335165065091,67.85666666666667,8759.139830964283,3.038121318725357,0.1444444444444444,0.13
63,0.0006042955490899,0.0005133431849139,0.000673067545446,92.57111111111112,20094.64269895975,1.113805233977961,0.4722222222222222,0.4511111111111111
64,0.0001659070086823,0.0001908172067805,0.0002343589348643,73.86333333333333,12854.596130685895,1.4125921305286924,0.0411111111111111,0.0266666666666666
65,0.0002812908832098,0.0001680294564948,0.0005348826793238,77.23555555555555,10244.032841545906,1.901528671033209,0.2077777777777777,0.1955555555555555
66,8.440990431760067e-05,9.56997682020304e-05,0.0003030048607322,64.77444444444444,6927.748766351003,3.589683736545063,0.06,0.0555555555555555
67,-8.758846949774838e-05,-3.3773133521929214e-05,0.0003061621377785,53.70222222222223,7716.223044448437,-3.4954616690322875,0.0044444444444444,0.0033333333333333
68,-0.0001539516565874,-0.0001739453074512,0.0002452924775748,58.92333333333333,20175.622415957343,-1.5933084645665538,0.0077777777777777,0.0077777777777777
69,9.291348038005706e-05,8.078007214291294e-05,0.0003386683018786,76.32333333333334,24515.929797750472,3.644985641408749,0.0822222222222222,0.0711111111111111
70,-8.053500680540619e-06,-4.626354358638764e-05,0.0004207041535963,72.21555555555555,20230.816577574893,-52.23866865907275,0.0911111111111111,0.08
71,-0.0001662682453155,-0.0001851631268614,0.0002821330997014,63.638888888888886,15615.607203637834,-1.6968549777257502,0.0077777777777777,0.0066666666666666
72,-0.0004628703689176,-0.0004568930625772,0.0002659915794908,34.42888888888889,6484.672782342831,-0.5746567448523281,0.0,0.0
73,-0.0002375772531936,-0.000261454102587,0.0003689069404494,56.85111111111111,10054.571536567848,-1.5527872954598951,0.0177777777777777,0.0144444444444444
74,-6.603445263744852e-05,-8.012721337062588e-05,0.0003533064966398,57.96666666666667,11131.179981558573,-5.350335809999011,0.0433333333333333,0.0333333333333333
75,-0.0004578615431625,-0.000475394518395,0.0002776497830177,47.09555555555556,7529.565171384116,-0.6064055546137107,0.0,0.0
76,-0.0003441032188768,-0.0003867901389647,0.0004046104070496,51.13444444444445,17436.84440201053,-1.175840227157126,0.0244444444444444,0.0222222222222222
77,-0.0002029691162303,-0.000203397090542,0.000411289648982,52.27777777777778,8716.539339175679,-2.0263656689291807,0.0288888888888888,0.0222222222222222
78,-0.000248669893647,-0.0002934903918978,0.0003628916128029,58.70111111111111,12848.76367680033,-1.4593307114129306,0.0222222222222222,0.0188888888888888
79,-0.000179906543528,-0.0002204630026239,0.0004723412266223,57.11888888888889,10248.301844779982,-2.625481082340893,0.0755555555555555,0.0655555555555555
80,0.0005181511050683,0.0004595050304559,0.0005890660322203,91.55111111111113,14170.23166267568,1.1368614800939334,0.4044444444444444,0.3788888888888889
81,-0.0001237937830934,-0.0001030062585303,0.0003746214959516,55.193333333333335,7237.865617347939,-3.026173743061931,0.0177777777777777,0.0155555555555555
82,0.0003727434086315,0.000339573935476,0.0005243353373193,83.9,9107.32037807501,1.4066924462708907,0.3222222222222222,0.3055555555555556
83,9.797589518706458e-05,9.524805112221933e-05,0.0003609111508409,67.31777777777778,7581.342777355876,3.683672909054797,0.0922222222222222,0.0788888888888888
84,-0.0002746274759203,-0.0002458437837506,0.0003125077467147,40.33444444444444,3620.077942628,-1.137933288238809,0.0,0.0
85,9.256720264125824e-05,0.0001011057459585,0.0002711259597313,73.48666666666666,17838.241220255288,2.92896352050455,0.0511111111111111,0.0388888888888888
86,-7.704205780535311e-05,-6.881373443371825e-05,0.0002412031154957,62.62888888888889,19363.536733283385,-3.130797935138233,0.0033333333333333,0.0033333333333333
87,-0.000310575522796,-0.0003260040306264,0.0002349180398421,43.117777777777775,10538.083137733762,-0.7563958605856248,0.0,0.0
88,0.0001741215210536,0.0002131111658921,0.000355437287847,77.57666666666667,22233.585843473677,2.0413173839516383,0.1322222222222222,0.1155555555555555
89,9.037362486282122e-07,-5.326784746305548e-06,0.0002189065589935,69.92,17179.11894884968,242.22394456992512,0.0155555555555555,0.0122222222222222
90,-5.04658517764075e-06,-1.1910804665245417e-05,0.0002602298573527,68.54333333333334,15816.970772040446,-51.565533562320965,0.0177777777777777,0.0133333333333333
91,-2.4856163553020865e-05,-6.115498605552875e-05,0.0003350934812216,69.07,14968.803434561632,-13.481303359904084,0.0522222222222222,0.0433333333333333
92,-0.0002794567740039,-0.0002901361823067,0.0002795109801467,53.58444444444444,8212.998644205853,-1.000193969686525,0.0,0.0
93,-0.0002132788480459,-0.0002388207595741,0.0002628416399043,58.50888888888889,12269.084811866283,-1.232384937899688,0.0066666666666666,0.0066666666666666
94,-0.000157437982839,-0.0001630806972897,0.000313487522159,59.556666666666665,8530.28321634858,-1.991181013031175,0.0266666666666666,0.0211111111111111
95,-0.0002681460751035,-0.0002871306765223,0.0003373157342301,59.69111111111111,17802.69180807021,-1.2579551429192222,0.0144444444444444,0.01
96,0.0001884681912703,0.0001809174108748,0.0002717259777657,84.33111111111111,9515.63135290449,1.4417604155602577,0.0955555555555555,0.0855555555555555
97,0.001221757917508,0.0011153847551699,0.00050082126341,160.5522222222222,32666.077071414755,0.409918574075215,0.9677777777777776,0.9577777777777776
98,-0.0002397695300408,-0.0002605763833285,0.0002137582360032,51.20111111111111,11503.75475396144,-0.8915154313679408,0.0,0.0
99,0.0004338109474894,0.0004223505506027,0.0003573273077035,105.31888888888888,17848.90292504899,0.823693615321302,0.3088888888888889,0.2577777777777778
100,1.397437491683412e-05,-1.2143163045154123e-05,0.0002594991564444,71.08333333333333,14534.938871247976,18.569643221166974,0.03,0.0222222222222222
101,-8.643007482268655e-05,-0.000105837448822,0.0002513317567872,64.99555555555555,8130.386939944078,-2.907920157454974,0.0011111111111111,0.0011111111111111
102,4.554250790523691e-05,4.27033664982311e-05,0.000204432404636,72.38222222222223,10254.151987999869,4.488826242538416,0.01,0.0077777777777777
103,0.00022259930759,0.0002136591715218,0.0002029259085628,89.5411111111111,16293.997359055818,0.9116196755496014,0.0533333333333333,0.0422222222222222
104,0.0001606337204582,0.000144244742741,0.0002368869469841,82.51333333333334,14386.262004132694,1.4747024865544254,0.0677777777777777,0.0522222222222222
105,-0.0001272544798217,-0.0001160971062019,0.0002436625878123,53.27333333333333,17404.693560420674,-1.914766286842988,0.0011111111111111,0.0
106,0.0002933778478636,0.0002714547427545,0.000338099672245,82.40555555555555,17950.56694723935,1.1524376319041116,0.16,0.14
107,0.000392633445036,0.0003234506770909,0.0003828742082489,87.28222222222222,18290.223174931125,0.9751441531268066,0.2522222222222222,0.2222222222222222
108,0.0001088603509295,2.8158753971158297e-05,0.0004030711230346,67.96666666666667,15797.645876895513,3.7026439800435886,0.0988888888888888,0.0877777777777777
109,0.0004952791612804,0.0003811366310373,0.0006161578243159,90.19777777777776,17053.162668377525,1.2440616777071285,0.3811111111111111,0.37
110,-2.1366187610218364e-05,-0.0001120527809676,0.0005472953195543,59.07111111111111,6214.597522013519,-25.615019840629238,0.1233333333333333,0.1177777777777777
111,0.0003100752851458,0.0002046192464404,0.00071878347732,76.82777777777778,7672.627570932317,2.3180934171581864,0.2844444444444444,0.2722222222222222
112,0.0001982544040506,0.0002498226572208,0.000323357031696,75.0988888888889,13126.261031028114,1.6310206738883373,0.1166666666666666,0.0877777777777777
113,5.244646880815791e-05,3.183938376984136e-05,0.0002240831760403,55.59333333333333,9195.899396347371,4.272607501184348,0.0066666666666666,0.0055555555555555
114,6.50788196800678e-05,6.969850321528205e-05,0.000238176371804,60.44,21854.660728722305,3.659813945226988,0.0088888888888888,0.0077777777777777
115,0.0002281603029103,0.0001958872031722,0.0003297791018075,69.91888888888889,31293.323719139247,1.445383344960082,0.1333333333333333,0.1166666666666666
116,0.0001300447836967,0.0001192286872916,0.000198253495344,61.30555555555556,14075.46526158804,1.5245017117052946,0.0044444444444444,0.0044444444444444
117,0.0002832697569596,0.0002604664796445,0.0002298478258594,77.73,27153.09261222826,0.8114096906301136,0.1088888888888888,0.0888888888888888
118,0.0001433229661198,0.0001005819676478,0.0004011211193157,75.36777777777777,28720.853629495105,2.798721866949589,0.1388888888888889,0.1288888888888889
119,1.7428540494257318e-05,9.000040721384486e-06,0.0003093675132954,61.24333333333333,17570.960714349003,17.75062653108515,0.0455555555555555,0.04
120,-0.0001117341350295,-0.0001520367046933,0.0002704785496592,54.63555555555556,15344.46359376525,-2.420733373804685,0.0244444444444444,0.0188888888888888
121,8.341027818752804e-05,5.762832959714191e-05,0.0002810847729738,75.06111111111112,27787.348015588894,3.369905712841701,0.0488888888888888,0.0422222222222222
122,5.869864207603547e-05,1.0573647635484934e-06,0.0003385661432237,69.59,25452.261378722706,5.767870111632103,0.0744444444444444,0.0633333333333333
123,0.0005621920334286,0.000531953659587,0.0004039790965999,105.07444444444444,29596.190637209456,0.7185784795564474,0.4655555555555555,0.4333333333333333
124,0.0002016140155832,0.0001838257462923,0.0004583534599263,75.94777777777777,18224.85308007501,2.273420618107303,0.1888888888888888,0.1744444444444444
125,-9.920810785974428e-05,-9.862076686992803e-05,0.0002346020074416,52.89666666666667,11518.791402006163,-2.364746314618909,0.0022222222222222,0.0011111111111111
126,-0.0001768969423803,-0.0001767960999503,0.0002873091326336,53.278888888888886,10126.454144200368,-1.6241611006251475,0.0077777777777777,0.0077777777777777
127,-0.0005101006763204,-0.0004934460121841,0.0003300846031824,40.87444444444444,4576.063477498367,-0.6470969722358956,0.0,0.0
128,-0.0002759947949194,-0.0002675505006623,0.0003349755121107,55.687777777777775,9422.492513198902,-1.2137022809019116,0.0133333333333333,0.0133333333333333
129,-5.4491859405035625e-05,-5.283750729413282e-05,0.0003695302659339,64.07888888888888,13592.148831441236,-6.781384778728125,0.0488888888888888,0.0377777777777777
130,-0.0003796053671618,-0.0003713817995971,0.0003931215657589,48.32333333333333,8199.274417400095,-1.0356059206912969,0.0066666666666666,0.0044444444444444
131,-0.0001168009357926,-0.0001410553652695,0.0003538622863386,64.41777777777777,13237.00730839924,-3.0296185894164185,0.0288888888888888,0.0244444444444444
132,-0.0002992696251832,-0.0002922646838753,0.0003018925170614,56.48222222222222,11692.789055621111,-1.0087643103658694,0.0033333333333333,0.0033333333333333
133,-0.0002100084855189,-0.0002905509808422,0.0003241696420496,48.65777777777778,12698.11754637166,-1.543602589431572,0.0055555555555555,0.0044444444444444
134,0.0002277725954096,0.0002145118027346,0.0002622040388214,81.78888888888889,22580.467190353476,1.151165873795929,0.0944444444444444,0.0833333333333333
135,0.0001569695448778,0.0001663750999657,0.0002975578173731,76.41555555555556,15302.415852397617,1.8956404416197632,0.0744444444444444,0.0633333333333333
136,-2.0508835242018657e-05,-7.890011982934146e-06,0.0002429982895971,61.973333333333336,16183.930877469937,-11.848468561455388,0.0077777777777777,0.0022222222222222
137,-0.0001854733366476,-0.0001552518142139,0.0002710424178343,49.727777777777774,14419.964213295454,-1.4613551615194955,0.0011111111111111,0.0011111111111111
138,3.984770279433531e-05,4.8216443487403865e-05,0.0002750227784354,65.06888888888889,17806.793740462934,6.901847764096115,0.03,0.02
139,0.0004551538410917,0.0003718329164465,0.0003794344065274,95.94777777777776,33494.70389335326,0.8336399086895426,0.3288888888888889,0.3033333333333333
140,-0.0004689728764439,-0.0004841500884976,0.0002848058491064,42.94222222222222,11636.547618015997,-0.6072970600475818,0.0011111111111111,0.0011111111111111
141,-0.0001826195373034,-0.0001661169450088,0.0002340157447403,49.92333333333333,13567.21862536129,-1.281438712395379,0.0011111111111111,0.0011111111111111
142,-0.0001088228674328,-0.00012376623716,0.0002131994022041,59.07333333333333,12887.073963290204,-1.9591415594311212,0.0044444444444444,0.0011111111111111
143,0.0004838386061653,0.0004156630872532,0.0005025762189173,91.46,13163.137246864588,1.0387269897713198,0.3588888888888888,0.3333333333333333
144,0.0003802510958094,0.0003499828806206,0.0005737613657493,82.66111111111111,8017.022122956092,1.508901281475633,0.3333333333333333,0.31
145,0.0001448366237452,8.53058383393008e-05,0.0003743151809951,68.19111111111111,14188.274537959447,2.5843959305043818,0.1255555555555555,0.1033333333333333
146,0.0002273781211808,9.819762055455392e-05,0.0004441749327672,72.39666666666666,12916.349960054107,1.9534638181567248,0.1744444444444444,0.1633333333333333
147,0.0004481847598012,0.0004804412474206,0.0004728718692167,90.91333333333333,19279.03023410425,1.0550824383821724,0.4344444444444444,0.4055555555555555
148,7.26771693143386e-05,6.660934651984022e-05,0.0003040783902624,76.46777777777778,24187.93732995469,4.183960288096968,0.0577777777777777,0.0433333333333333
149,-7.396304268571513e-05,-9.36489460038523e-05,0.0003062307104358,68.75222222222222,21059.714537319764,-4.140320615757486,0.0188888888888888,0.0166666666666666
150,-0.0001139772589415,-0.0001301879856346,0.0003006150764542,66.06111111111112,17678.96877754973,-2.6375004912913758,0.0188888888888888,0.0144444444444444
151,1.7659640674766272e-05,2.641239313112733e-05,0.0002998233707456,74.59222222222222,18642.055253391125,16.977886258696778,0.0355555555555555,0.0288888888888888
152,0.0003609220190148,0.00036233770517,0.0003019188983005,99.54222222222222,21818.413103221672,0.836521138623546,0.2733333333333333,0.2322222222222222
153,-0.000104383473161,-0.0001134075852366,0.0003443994016548,68.24777777777778,20163.33863514932,-3.299367143334882,0.0244444444444444,0.0188888888888888
154,-0.0003414918694654,-0.0003586780717862,0.0002796923591096,51.72444444444445,10035.108781636274,-0.8190308001988476,0.0,0.0
155,-0.0003077489955415,-0.000303313736817,0.0002431647171814,51.532222222222224,9510.37352037626,-0.7901397590379289,0.0,0.0
156,-0.0002239640153558,-0.0002278936251126,0.0002723143613248,58.77,13207.47487748844,-1.2158844397044666,0.0044444444444444,0.0044444444444444
157,-0.0005095736327866,-0.0005485685929198,0.0002830621891584,44.946666666666665,9583.312296827924,-0.5554882963831609,0.0,0.0
158,-0.0004195865902634,-0.0004362795972649,0.0002642140155697,48.68666666666667,11642.783558553863,-0.6297008095607257,0.0,0.0
159,-0.0003349107781541,-0.0003364916415826,0.0002749223510796,53.94555555555556,14367.3394279339,-0.8208823633412373,0.0022222222222222,0.0022222222222222
160,-4.0772355210913216e-05,-4.997894767259932e-05,0.0002574447577571,68.69777777777777,11696.135504726652,-6.314198834613432,0.0133333333333333,0.01
161,-0.0001027111385768,-0.0001086916195285,0.0002747308234322,68.61,16102.437947115815,-2.674790945158303,0.0133333333333333,0.0111111111111111
162,-0.0002184658882606,-0.0002235500344468,0.0002886775588676,60.257777777777775,14527.744330784031,-1.321385050847347,0.0033333333333333,0.0022222222222222
163,-3.661877215048748e-05,-4.17962330848829e-05,0.0003418525549597,68.75666666666666,12792.579228635395,-9.335445589352098,0.0466666666666666,0.0344444444444444
164,-0.0002923988841381,-0.0002686565930863,0.0003405821021708,54.66555555555556,10898.648950904822,-1.164785916248334,0.0077777777777777,0.0077777777777777
165,-3.0702120765230015e-05,-5.091213726905024e-05,0.0002153488743183,63.14333333333333,19905.955511708144,-7.014136774623164,0.0055555555555555,0.0033333333333333
166,-0.0003783510789734,-0.0003966182892743,0.0002038887556145,39.43,8938.98509528372,-0.5388877340266754,0.0,0.0
167,-4.702646450557294e-05,-4.941744736651503e-05,0.000191717124195,51.66333333333333,17526.71946536252,-4.076792210742915,0.0055555555555555,0.0055555555555555
168,0.0002538299074365,0.0002275023713397,0.0002288295486922,71.0911111111111,24643.426243005088,0.9015074346566644,0.0944444444444444,0.0722222222222222
169,-7.471704995945705e-05,-8.128894137355425e-05,0.0001899282339919,60.74,13010.55650127772,-2.541966446681758,0.0,0.0
170,-0.0002033767834457,-0.0002031309550042,0.0002292275708215,48.40444444444445,11053.104651309326,-1.1271078583198664,0.0011111111111111,0.0011111111111111
171,0.0002522323490847,0.0002236906359485,0.0002780399831639,84.19444444444444,18140.607526442676,1.1023169080920918,0.1244444444444444,0.1044444444444444
172,-0.0001170638609232,-9.30410292243788e-05,0.0002479507985571,52.31666666666667,11387.812014544756,-2.1180815035630083,0.0,0.0
173,9.980802249803533e-05,9.552461928675754e-05,0.0002148277898899,65.5911111111111,22005.83474569432,2.1524100419295595,0.0177777777777777,0.0111111111111111
174,0.0007354824657511,0.0006322637552503,0.0005229941841597,111.42222222222222,28420.912597690694,0.7110899423355899,0.5644444444444444,0.5355555555555556
175,-3.3721436605738594e-05,-1.7813103070241043e-05,0.0002174804803239,58.56222222222223,14335.489912338431,-6.44932429382214,0.0011111111111111,0.0
176,0.000390467605852,0.0003730314733074,0.0003469166314262,85.47555555555556,22952.431821307284,0.8884645646064536,0.2588888888888889,0.2166666666666666
177,0.0005518505506544,0.0005558515233891,0.000371803268939,99.09,31640.25423738956,0.6737390557970605,0.5022222222222222,0.4655555555555555
178,-5.105790442858369e-05,-7.044276627937881e-06,0.0003165434055153,60.45444444444445,12130.235172372297,-6.199694426513249,0.0111111111111111,0.0077777777777777
179,-9.97069160606607e-05,-6.203517016199373e-05,0.0003342266535327,57.02666666666666,13695.81026482882,-3.352090975609304,0.0122222222222222,0.0077777777777777
180,-0.0002954024938902,-0.0003014294209916,0.0002322437568866,43.43666666666667,12712.476477807082,-0.786194299947063,0.0,0.0
181,0.0001026037839158,8.339172528967564e-05,0.0002972472115578,75.90222222222222,23796.973809406045,2.8970394678767057,0.0666666666666666,0.0555555555555555
182,-0.0001396099488712,-6.93707424193861e-05,0.000367780954846,52.81333333333333,8803.208498273632,-2.634346318580066,0.0055555555555555,0.0044444444444444
183,-0.0002072541361809,-0.0001778002422232,0.0003568466438786,51.12111111111111,12215.55630408316,-1.72178297839631,0.0088888888888888,0.0077777777777777
184,-2.8364844563703384e-05,-3.202002827739022e-05,0.0002751928575327,70.47666666666667,16316.39376949076,-9.701899014983738,0.0233333333333333,0.02
185,-0.0001781461391206,-0.0001819691698842,0.0002231843630398,55.81555555555556,15274.274238746704,-1.2528161662189266,0.0011111111111111,0.0
186,-0.0003125195594892,-0.0002943751527602,0.0002629926336815,44.736666666666665,10567.768088573648,-0.8415237565014881,0.0,0.0
187,9.673121496402194e-05,0.000163660437487,0.000354266584008,69.35111111111111,14573.830862403403,3.662381209000382,0.0588888888888888,0.04
188,0.0004439466750971,0.0004889990316674,0.0004073338353374,90.0,19216.66471440523,0.9175287442984968,0.4244444444444444,0.3844444444444444
189,-2.38157376421846e-07,-2.5568461490318243e-05,0.0002871097246849,61.41,6595.436817590818,-1205.5462190529106,0.04,0.0311111111111111
190,-2.1671224824789885e-05,-4.09189330171897e-05,0.0002860525365981,62.26555555555556,9541.755432965225,-13.199647869966684,0.0266666666666666,0.0244444444444444
191,-0.0001162886791138,-0.0001065661123842,0.0002746059719148,52.76222222222222,6282.807894707927,-2.361416210136686,0.0055555555555555,0.0044444444444444
192,1.6908325885184115e-05,-1.6442666926048942e-05,0.0003290401838466,60.13555555555556,6146.986045166469,19.460246158073407,0.0566666666666666,0.0433333333333333
193,0.0002119535006634,0.0001950689747142,0.0003958514222716,76.34222222222222,9732.226127045496,1.86763333010562,0.1622222222222222,0.15
194,0.0001503399194223,9.40584796738368e-05,0.0003900637896384,70.16222222222223,9843.90892198537,2.5945456877796675,0.1222222222222222,0.1133333333333333
195,-8.370748053524879e-05,-9.835083817080004e-05,0.0003032627867325,54.69555555555556,8527.461005537634,-3.6228875220398087,0.0222222222222222,0.0188888888888888
196,-1.2846938517783127e-05,-2.9228742110276837e-05,0.0002672956516706,58.70444444444445,8831.850558415801,-20.80617505101461,0.0233333333333333,0.02
197,-0.0002421801312179,-0.000257591150804,0.000241909105339,45.53111111111111,5070.858764329975,-0.9988808913533104,0.0033333333333333,0.0033333333333333
198,-6.027490255903114e-06,1.5521181917887983e-05,0.0004510251967171,59.84555555555556,4953.254095936525,-74.82802585627556,0.0833333333333333,0.0688888888888888
199,0.00053106978054,0.0002478236341114,0.0010272511298138,84.9888888888889,11365.81392947427,1.9343053727688484,0.3311111111111111,0.3266666666666666
200,-0.0002843897206363,-0.0003116231429898,0.0002283342914091,49.31,19012.018302457564,-0.8028922103732109,0.0011111111111111,0.0011111111111111
201,1.3536726354064573e-05,-3.594247337397311e-05,0.000274592142089,65.59444444444445,18259.365456506617,20.28497399643684,0.0277777777777777,0.0244444444444444
202,-0.0003007977229157,-0.0003105297837403,0.0002060891443197,48.94888888888889,17241.855562324847,-0.6851419695669025,0.0,0.0
203,-9.975333575260384e-05,-0.000108735835564,0.0002448067577199,61.51888888888889,21204.69982931372,-2.454121016334342,0.0055555555555555,0.0044444444444444
204,9.922055169426776e-05,9.309233517876702e-05,0.0002230501674949,73.03222222222222,24038.34605769482,2.2480238588295376,0.0133333333333333,0.0111111111111111
205,9.834943183737874e-05,9.86854165369582e-05,0.0002783380548236,73.60555555555555,28333.216540208217,2.8300931649901693,0.0544444444444444,0.0433333333333333
206,-0.0001140845112273,-0.0001318909478928,0.0002119504487899,55.41,9191.58430794865,-1.857837199018061,0.0044444444444444,0.0022222222222222
207,-0.0001622358376206,-0.0001376427312883,0.0002915756277587,54.45444444444445,11729.661754044668,-1.7972331639845205,0.0011111111111111,0.0011111111111111
208,0.0001126797845438,9.275125868359665e-05,0.0002595431480512,77.81111111111112,23658.427085970707,2.303369225473631,0.0522222222222222,0.0455555555555555
209,-0.0002947127005329,-0.0002800426290362,0.0002604729461859,47.40444444444445,11988.635441449407,-0.8838198887083621,0.0,0.0
210,-0.0002075942644544,-0.0002068496853073,0.0002078534208768,50.56,13747.751074602287,-1.0012483794920215,0.0011111111111111,0.0011111111111111
211,-0.0001298828905061,-0.0001352114476577,0.0002347455818373,54.614444444444445,12925.529820978443,-1.8073633942275544,0.0033333333333333,0.0033333333333333
212,-0.0001463675638802,-0.0001052120851358,0.0003138099259286,55.19222222222222,13497.826601627785,-2.143985440554689,0.0066666666666666,0.0055555555555555
213,0.0001038282248602,9.288928755495942e-05,0.0002089022130506,70.02777777777777,14417.391157520704,2.0119983109772206,0.02,0.0177777777777777
214,0.0001621429150811,0.0001555207168735,0.0003122791360948,73.56666666666666,22799.00174659362,1.9259499308896089,0.0977777777777777,0.0866666666666666
215,0.0001198067171804,8.578878436285503e-05,0.0002557549604112,79.88666666666667,27002.58708030661,2.134729724928293,0.0522222222222222,0.0466666666666666
216,4.633826211107611e-05,4.9085461823877136e-05,0.000205128462274,65.35666666666667,8972.433278332153,4.426762095272143,0.0077777777777777,0.0055555555555555
217,-0.000155630010628,-0.0001292984897864,0.0002763366115159,55.263333333333335,16601.803968662123,-1.7755997728253206,0.0022222222222222,0.0022222222222222
218,7.873427295579122e-06,2.21707014182229e-05,0.0002306690473579,63.59888888888889,18135.81567047228,29.297158492519028,0.0111111111111111,0.0077777777777777
219,0.0002731705943275,0.000214636402739,0.0003601006842205,82.43111111111111,17335.32851026897,1.3182263819683422,0.1522222222222222,0.14
220,-0.0001924384187208,-0.0001470414441351,0.0003059420402666,51.07,8020.330183197699,-1.5898178871990427,0.0022222222222222,0.0011111111111111
221,-3.0856761682274955e-05,-4.156998640927828e-05,0.0002659980898357,67.06888888888889,23843.01431998291,-8.620414953929467,0.0233333333333333,0.02
222,5.698426297048684e-05,6.764278016511692e-05,0.0002659410619572,68.17555555555556,15134.706334635366,4.666921147948848,0.02,0.0166666666666666
223,0.000189388232459,0.0001758570079154,0.0003180506307763,77.10777777777778,15709.644841679525,1.6793579339476945,0.0977777777777777,0.0844444444444444
224,-0.0001111023741098,-8.783716645740136e-05,0.0003266976890088,57.263333333333335,12167.115197406998,-2.940510422268689,0.0133333333333333,0.0066666666666666
225,0.0001981791504587,0.0001811096471635,0.0003911536182903,79.41444444444444,21637.722182734105,1.973737486434956,0.1555555555555555,0.1311111111111111
226,-7.916877300507816e-05,-9.507913290080806e-05,0.0002538397531682,62.2,13116.82125927315,-3.206311573780731,0.0055555555555555,0.0055555555555555
227,0.0005255425877923,0.0004385712143782,0.0004706278945695,97.67444444444445,20653.705172517515,0.8955085762820375,0.3811111111111111,0.3466666666666667
228,0.0002488822120542,0.0002528125495475,0.0003121079085405,82.7611111111111,17814.760133250147,1.254038631223937,0.1344444444444444,0.1111111111111111
229,0.0001764854615475,0.0001451553617189,0.0004809898705944,77.33222222222223,13926.009520948446,2.7253795659814086,0.1588888888888888,0.1444444444444444
230,0.0002949864217947,0.0003041343652613,0.0003574641020514,98.0188888888889,20319.868025880216,1.211798495254729,0.2577777777777778,0.2244444444444444
231,-9.123837582308624e-05,-9.447297793439804e-05,0.0002318459659367,65.56222222222222,14323.458670301685,-2.541101415332756,0.0066666666666666,0.0055555555555555
232,0.0001302373316482,6.450199470959614e-05,0.0004090412091616,82.86666666666666,14339.899871747974,3.1407370220577224,0.1677777777777777,0.15
233,-5.453492525155413e-07,-4.62593309833069e-05,0.0003213506892468,72.07,9971.662062569989,-589.2566786596163,0.0566666666666666,0.0466666666666666
234,-0.000126690225258,-0.0001537178067549,0.0002762913823021,64.85666666666667,8497.632329423552,-2.180842142630072,0.0088888888888888,0.0055555555555555
235,-0.0002275207119741,-0.0002720356651594,0.0003024477988964,53.80555555555556,6099.352976097299,-1.3293198508047026,0.0077777777777777,0.0055555555555555
236,6.888428538550353e-05,4.198798514740009e-05,0.0003681521669003,75.77444444444444,12134.256394215145,5.344501504806358,0.1022222222222222,0.0866666666666666
237,-8.137755360964734e-06,-5.580320891607243e-07,0.0002688960248277,68.99333333333334,12414.277567943524,-33.04302143532337,0.0177777777777777,0.0144444444444444
238,-0.0002961110002058,-0.0003756649915595,0.0003063737956525,53.18555555555555,6353.397559988217,-1.0346586092359866,0.0088888888888888,0.0077777777777777
239,0.0001483815853457,6.827503250941659e-05,0.0004236390077397,81.19444444444444,20028.217030424377,2.855064573899972,0.1644444444444444,0.1511111111111111
240,-0.0003729327520557,-0.000435600058335,0.0002867188382807,45.68,5240.735543367068,-0.768821822970019,0.0011111111111111,0.0011111111111111
241,-0.0001188597280089,-0.0001404667186586,0.000240214316524,63.535555555555554,11006.283999982035,-2.0209899563784366,0.0077777777777777,0.0055555555555555
242,-0.0003313005118394,-0.0004309888852882,0.0003227826952379,49.09777777777778,6007.134772157777,-0.9742897571928628,0.0066666666666666,0.0055555555555555
243,-0.0003847227002006,-0.0004338420287925,0.0002118968976778,46.71,7217.702342673532,-0.5507782555262878,0.0,0.0
244,-0.0001765117401061,-0.0001739721112907,0.0002240279883187,55.85888888888889,6479.610213034898,-1.2691959650055713,0.0,0.0
245,2.0037595204043236e-05,2.135969466097316e-05,0.0002223606750863,73.18,15344.26580527968,11.0971737287872,0.0133333333333333,0.0111111111111111
246,-0.000371488683367,-0.0003699605137602,0.0001925294384251,47.84777777777778,8015.581403994196,-0.5182646122088082,0.0,0.0
247,4.640067910201405e-05,4.532362908084526e-05,0.0002135978419917,70.5188888888889,11609.957276101375,4.603334393492431,0.0111111111111111,0.01
248,-0.000428281736214,-0.000432310130962,0.0002068897885681,44.31111111111111,6567.127591808894,-0.4830693701696792,0.0,0.0
249,-0.0001940105241075,-0.0002710925611493,0.0003110889442837,48.04,8831.738610878794,-1.6034642745013792,0.0277777777777777,0.0211111111111111
250,-0.0002970252343011,-0.0002984271514837,0.0002388214599866,49.98777777777778,7689.523221741609,-0.8040443450824872,0.0011111111111111,0.0011111111111111
251,0.0001178177505014,0.0001110226119035,0.0002335849669434,71.40222222222222,11977.606289671809,1.982595712013994,0.0422222222222222,0.0344444444444444
252,-0.0001215209601351,-0.0001454513304697,0.0002707061338049,65.24111111111111,14435.13286655118,-2.2276497281111918,0.0088888888888888,0.0055555555555555
253,0.0005992279368089,0.0003446832383913,0.0008244883032773,89.56444444444445,20380.73597288627,1.3759176644333038,0.4022222222222222,0.3922222222222222
254,-0.0003625944133349,-0.0003777282058573,0.0002536448187421,45.83444444444444,7507.64315640452,-0.6995276524235657,0.0,0.0
255,0.0002367524985654,0.0002170273896472,0.0002603294644616,83.35333333333334,22595.88625879622,1.0995848662170082,0.1022222222222222,0.08
256,5.81259579028069e-05,6.059744730364542e-05,0.0003115995100372,74.03444444444445,11239.445341349086,5.36076343994672,0.0388888888888888,0.0311111111111111
257,0.0001101676340141,5.202017734467553e-05,0.0006047843087317,76.30333333333333,8221.13997854573,5.489673207052901,0.2088888888888889,0.1944444444444444
258,-0.0001421115251527,-0.0002223128742045,0.0004136349717582,61.05555555555556,9647.408190156784,-2.910636356296002,0.0577777777777777,0.0511111111111111
259,8.502501059592029e-05,0.0001091124321114,0.0004614751934362,65.86666666666666,10475.457979815124,5.427522915926568,0.1488888888888888,0.1233333333333333
260,3.8380269018817126e-05,4.640362407552365e-05,0.0002787243657809,65.69333333333333,13668.353727840542,7.262178533564947,0.0277777777777777,0.0233333333333333
261,0.0001122146981361,0.0001127625305345,0.0004233453089051,67.8788888888889,7970.679787143013,3.772636882125222,0.14,0.1244444444444444
262,-0.0001011935709046,-9.81055226831331e-05,0.0002168723483504,54.92777777777778,7404.774652924181,-2.143143545699052,0.0011111111111111,0.0011111111111111
263,-6.76577506511732e-05,-8.567431523482158e-05,0.0004677745379322,60.15888888888889,6251.970239869323,-6.9138351989255495,0.0777777777777777,0.0722222222222222
264,-4.0911256732441975e-05,-7.72787110252113e-06,0.000329804899289,60.64555555555555,5375.221678293132,-8.061470744981523,0.02,0.0144444444444444
265,6.790686888705024e-05,0.0001309816082636,0.0003317238871403,65.4011111111111,13553.878282037038,4.88498280920748,0.0366666666666666,0.0277777777777777
266,0.000100793193119,0.0001220187970634,0.0003859522205544,69.9811111111111,6654.553403872343,3.829149653972259,0.0966666666666666,0.0844444444444444
267,0.0003726403515958,0.0003502944832728,0.0004632768851713,84.34444444444445,19577.438518610896,1.2432279091281435,0.3366666666666666,0.3244444444444444
268,0.0002076161489101,0.0002300685254294,0.0003215350969071,77.32222222222222,14948.522407195236,1.5486998414861677,0.1155555555555555,0.0922222222222222
269,-0.0001708172606643,-0.0001552765350043,0.0003400259455278,49.09666666666666,5382.914959052917,-1.9905830605491948,0.0122222222222222,0.0111111111111111
270,0.0002207644233494,0.000172821650878,0.0003378872188592,84.24888888888889,33719.12810007511,1.5305329261517218,0.1377777777777777,0.1233333333333333
271,-0.000196961739039,-0.000217197660454,0.0002859597577014,58.61,12168.177015611967,-1.45185435047758,0.0133333333333333,0.0111111111111111
272,-0.0003793377585852,-0.0004015015255263,0.0002244371512797,48.778888888888886,12602.14777859288,-0.5916551838045009,0.0,0.0
273,4.973855525256583e-05,4.481524430009674e-05,0.000288074236237,75.50888888888889,15563.522324770369,5.791769277862357,0.0366666666666666,0.0311111111111111
274,-0.000358190819211,-0.0003989133515904,0.0003199032514031,41.63444444444445,8745.298527085242,-0.8931084613162267,0.0111111111111111,0.01
275,-0.0004261885079982,-0.0004228603310077,0.0002332955416704,43.71111111111111,6115.9682788587525,-0.5473998882941224,0.0,0.0
276,-0.0001846666219653,-0.0001426760371096,0.0003542220781709,51.67333333333333,5857.034958895966,-1.918170562720061,0.0044444444444444,0.0033333333333333
277,-0.000275250139957,-0.0002962534946223,0.0002780657063134,54.41222222222222,10907.650261618892,-1.010229118709155,0.0011111111111111,0.0011111111111111
278,-0.0004942166966506,-0.0005107999885875,0.000276225372247,43.47,7823.192315816589,-0.5589155002634416,0.0,0.0
279,-0.0002928194711847,-0.0002877301467275,0.0002976054542317,47.714444444444446,7636.231181123232,-1.0163444836083233,0.0033333333333333,0.0022222222222222
280,-0.0003260258283168,-0.0003820840084234,0.0004052947292913,52.44888888888889,12159.57988717368,-1.2431368747182827,0.0377777777777777,0.0355555555555555
281,8.976694656989036e-05,0.0001033627812862,0.0003932243778021,70.03,11908.512905621745,4.380502989438344,0.0977777777777777,0.0822222222222222
282,-0.0002736582965898,-0.0003362702033845,0.0003713147455674,55.94444444444444,9622.231932307655,-1.35685542954329,0.0222222222222222,0.0188888888888888
283,2.4251149204007743e-05,-4.812153223421739e-05,0.0004490263482816,73.15444444444445,14369.830545440363,18.51567298952748,0.1266666666666666,0.1055555555555555
284,0.0004618981947891,0.0004242625145046,0.0005170851933483,91.03333333333332,10362.074704844636,1.119478705874431,0.39,0.3688888888888889
285,0.000197767391131,0.0001474314301742,0.0005075264223396,80.02555555555556,13040.22850846774,2.566279604726675,0.2188888888888888,0.2044444444444444
286,0.0014511556250444,0.001074774616113,0.0013911951604589,124.60444444444444,15041.095676810392,0.9586808860809538,0.7055555555555556,0.6944444444444444
287,7.895871572567096e-05,0.000112923978999,0.0004409609276764,67.82111111111111,6750.528017626446,5.5847023805263,0.1033333333333333,0.0944444444444444
288,0.0003527157518995,0.0003482445906746,0.0005340325318282,90.32666666666668,9504.494525580309,1.5140592075973849,0.3344444444444444,0.3111111111111111
289,0.0001279683923617,0.0001094290813299,0.0002584291541766,71.08666666666667,15356.359006911036,2.019476445762731,0.0533333333333333,0.0477777777777777
290,-0.0001682844898043,-0.0002050000491482,0.0002961929963538,52.23111111111111,15619.420845330398,-1.7600730566331757,0.0122222222222222,0.0122222222222222
291,-0.0002512238936699,-0.0001723161950536,0.0003943004284356,46.49444444444445,8138.05674045475,-1.5695180210595734,0.0011111111111111,0.0011111111111111
292,5.320060429825702e-05,5.106178310686185e-05,0.0002765354666356,71.00444444444445,20317.153342177306,5.197976043379987,0.0344444444444444,0.0311111111111111
293,-0.0003340583377185,-0.0003723287110869,0.0003077500299963,51.64111111111111,10633.475721254425,-0.9212463670211506,0.0066666666666666,0.0044444444444444
294,-0.0004818124000222,-0.0005005915626052,0.0002894032099622,42.02111111111111,7452.519792210575,-0.6006553794565174,0.0,0.0
295,-0.0002835983913617,-0.0002772276748649,0.0002644069732505,48.82666666666667,5605.764714927028,-0.9323288893881068,0.0,0.0
296,0.0002317163273764,0.0002391725941846,0.0002692599077849,85.07444444444444,12382.639660113216,1.1620238885778504,0.09,0.0733333333333333
297,-7.843393803881156e-05,-9.904870108078567e-05,0.000311037489872,66.09222222222222,11781.799858024302,-3.9655982811698287,0.0222222222222222,0.0166666666666666
298,-0.000107129688375,-0.0001216294122899,0.0002785470792515,61.31333333333333,8886.100456603874,-2.600092313126373,0.0133333333333333,0.0122222222222222
299,-1.1924982657469113e-05,-1.1414499151311422e-05,0.000250945330149,66.06888888888889,8264.85326066806,-21.043664159286624,0.0166666666666666,0.0122222222222222
300,0.0001312586226017,0.0001184325632114,0.0002788399264463,73.63777777777777,15853.02928364636,2.124355116024422,0.0688888888888888,0.0611111111111111
301,0.0005124986928224,0.0005061959737068,0.0003235437866088,109.13111111111112,20595.085406514067,0.6313065596851696,0.4377777777777777,0.3922222222222222
302,0.0004954167575204,0.0004345616021092,0.0004413429423147,113.03333333333332,19719.009464214814,0.8908518648495746,0.4088888888888889,0.3877777777777778
303,0.0006025279114518,0.0005764456199004,0.0004079886097461,122.35222222222222,20204.388325292144,0.6771281495707887,0.5188888888888888,0.5
304,0.0002133736310513,0.0001695698203464,0.0003291760906617,92.03777777777778,11802.129777001484,1.5427215117435251,0.1466666666666666,0.1333333333333333
305,9.76091179739743e-05,7.660283989086094e-05,0.0003097246747563,77.17777777777778,21516.26329358848,3.1731121147810195,0.0644444444444444,0.0566666666666666
306,-6.240296203808953e-05,-8.689331701685402e-05,0.000275165076276,68.54444444444445,9477.851738883412,-4.409487423179272,0.0144444444444444,0.01
307,0.0003614108598128,0.0003307148140216,0.0002846003639932,97.98555555555556,18875.88947358331,0.787470426706761,0.2266666666666666,0.1877777777777777
308,8.277659369512726e-05,6.027383770484158e-05,0.0002845064507993,73.26555555555555,13845.13256240286,3.437039845432728,0.0555555555555555,0.0488888888888888
309,-0.0001184539026652,-0.0001251617146457,0.0002617120672944,54.34333333333333,19391.80578884705,-2.2094001244863457,0.0155555555555555,0.0111111111111111
310,0.0005341478802432,0.0004724217329356,0.0004875244473011,95.68555555555557,24038.50516370072,0.9127143724302652,0.4555555555555555,0.4377777777777777
311,0.0004631625044988,0.0003237224751826,0.0005446623434069,89.43222222222222,20694.35941889512,1.1759638099292786,0.3777777777777777,0.36
312,4.116144361247944e-05,-1.5120688924405532e-05,0.0003272823769697,61.49333333333333,12087.719015363728,7.95118801106667,0.0577777777777777,0.0511111111111111
313,3.335294509467232e-06,8.098081221199502e-05,0.0004045791910093,58.93888888888889,8289.884414186105,121.30238869790088,0.0644444444444444,0.0466666666666666
314,0.0001163924664947,0.0001043520424824,0.0004505418096823,65.49777777777778,6112.507839694155,3.870884630687382,0.1088888888888888,0.1033333333333333
315,0.0002785086229639,2.1169963417661817e-05,0.0009037144388797,70.50111111111111,9999.344555652986,3.2448346814616467,0.2733333333333333,0.2622222222222222
316,0.0004264209946027,0.0004673474508695,0.0004682949083324,85.91777777777777,19182.703446207543,1.0981985274170456,0.4255555555555556,0.3833333333333333
317,-0.000230440232421,-0.0001771543285794,0.0003357981041756,44.34777777777778,5391.328714148427,-1.457202592827058,0.0,0.0
318,8.055467668586613e-05,6.432100714709674e-05,0.000253926059313,62.05444444444444,13291.164589639224,3.15221995494117,0.0177777777777777,0.0144444444444444
319,-4.600921933136868e-05,-3.8396866327874696e-05,0.0002597232720472,56.19444444444444,17263.356523205464,-5.645026710335367,0.0122222222222222,0.0066666666666666
320,-1.9324089390121143e-05,-1.3230730044553232e-05,0.0002340401327923,53.69,21235.169030228237,-12.111314953448415,0.0077777777777777,0.0044444444444444
321,-0.0003715828669002,-0.0004331367364465,0.0003080973827527,39.297777777777775,10194.851907399578,-0.8291485162458989,0.0,0.0
322,6.642184391541512e-05,6.170544809150152e-05,0.0002074135334218,58.20555555555556,12025.066352414977,3.1226705131224177,0.0111111111111111,0.01
323,5.030450121476063e-05,4.770237230718668e-05,0.0002470839547309,60.278888888888886,21912.382277599456,4.91176631840793,0.0266666666666666,0.0233333333333333
324,0.0001309055875211,0.0001412680836774,0.0005097799465902,75.2911111111111,28571.95220576717,3.89425658784695,0.2244444444444444,0.2055555555555555
325,1.5554759215861122e-05,1.9786426244394527e-05,0.0004263497659299,68.91333333333333,29445.437985364835,27.409602425425643,0.1,0.0922222222222222
326,0.0001426559110857,0.000205116003877,0.0004079931800623,76.07666666666667,17340.736202426982,2.8599808935861595,0.1466666666666666,0.12
327,7.245489962499503e-05,-1.003006147083252e-05,0.0005990514217356,72.65555555555555,27073.45972441852,8.267921490971005,0.2155555555555555,0.1966666666666666
328,0.000326928808189,0.0003331511627185,0.0003967434510934,86.04222222222222,25156.10528601209,1.2135469287368972,0.2422222222222222,0.2111111111111111
329,-6.327015960292035e-05,-0.0001395377293473,0.0004290224741668,63.64,23090.16693018396,-6.780802780637105,0.0566666666666666,0.05
330,-7.875411707164819e-05,-8.972587967090253e-05,0.0002292066392895,55.394444444444446,14115.444374070725,-2.9104083419671,0.0033333333333333,0.0022222222222222
331,-2.629271105144389e-05,-3.809746857212882e-05,0.0002727943283573,71.61555555555556,13011.83551609816,-10.37528339407709,0.0244444444444444,0.0211111111111111
332,-0.000146122305313,-0.0001528791120884,0.0002665979427356,59.00666666666667,8111.732336900565,-1.8244849214803516,0.0044444444444444,0.0044444444444444
333,-9.36559296067174e-05,-0.0001098832470349,0.0002926845345083,62.114444444444445,10545.969423444974,-3.125104152373518,0.0211111111111111,0.0166666666666666
334,-0.000298751144929,-0.0003073830481388,0.0002559441984761,49.623333333333335,7122.851715818627,-0.8567136990787761,0.0011111111111111,0.0
335,-0.0004116966652755,-0.0004287593563795,0.0002860139562664,44.78333333333333,6152.094754552634,-0.694720118937663,0.0011111111111111,0.0
336,-9.153491877097134e-05,-0.0001246477960294,0.0003322154013387,66.88888888888889,11642.23006118407,-3.62938434642662,0.0333333333333333,0.0277777777777777
337,-2.7386184568045416e-05,-6.09503089206378e-05,0.000294249410928,68.79555555555555,26161.676985614773,-10.744447084145508,0.03,0.0255555555555555
338,-8.80660621456055e-05,-9.791229649594766e-05,0.0002942994983914,65.95777777777778,15619.988304772012,-3.3418037689124565,0.0233333333333333,0.0155555555555555
339,-0.0002733767683913,-0.000307767611557,0.0002155650958992,49.36888888888889,11780.067856478418,-0.7885274859589522,0.0033333333333333,0.0022222222222222
340,-0.0001469860839049,-0.0001138564945819,0.0003810085659609,56.13444444444445,16002.821709447264,-2.592140397503796,0.02,0.0111111111111111
341,-0.000134665118234,-0.0001326888035506,0.000272006711272,58.11222222222222,16966.778080101038,-2.019875041428482,0.0088888888888888,0.0077777777777777
342,0.0002365615189806,0.000245936400518,0.0002795146449674,81.21,27037.607129033968,1.181572751865373,0.1111111111111111,0.0933333333333333
343,-0.0002003840139501,-0.0002012485379313,0.0002717307601705,52.08222222222222,10713.687133137344,-1.3560500900941332,0.0066666666666666,0.0033333333333333
344,-7.592096757507199e-05,-9.317977496540436e-05,0.0003150219646314,59.66444444444444,20437.472031588037,-4.149340751222131,0.0222222222222222,0.0211111111111111
345,-8.581609433714223e-05,-9.236249727729928e-05,0.0002609400437456,58.12,11655.064662534156,-3.040688879646363,0.02,0.0177777777777777
346,-6.935724652515349e-05,-8.467792518700634e-05,0.0002975781429336,59.73444444444444,13862.05460669996,-4.290512640604049,0.0333333333333333,0.0277777777777777
347,-0.0001676397477462,-0.0001699727920939,0.0001986857041184,50.626666666666665,11061.074937591064,-1.1851944827501697,0.0,0.0
348,-3.522754740471612e-05,-3.649184201724583e-05,0.0002461265239433,61.03777777777778,15743.641195601267,-6.986762976023629,0.0133333333333333,0.0088888888888888
349,-0.0001936231882153,-0.000194970672583,0.0002848478320767,55.156666666666666,17313.768591508542,-1.471145241963466,0.0033333333333333,0.0022222222222222
350,-0.0001282785295686,-0.0001263172415448,0.0002498583798346,53.626666666666665,15727.257558756231,-1.947780198875985,0.0066666666666666,0.0055555555555555
351,0.0002562868168535,0.0002214129983629,0.0003214751181143,82.57555555555555,25538.322560820656,1.2543568259233957,0.14,0.1277777777777777
352,-4.0053209839742605e-05,-4.0325147443792463e-05,0.000251832580158,62.855555555555554,12823.912478948914,-6.287450647917333,0.0122222222222222,0.0077777777777777
353,0.0002186999256417,0.0002015436923508,0.0003136530388816,80.95777777777778,26715.02070898791,1.4341707614265726,0.1177777777777777,0.1033333333333333
354,8.550626672033426e-05,9.284527701321664e-05,0.0002981228299041,69.37444444444445,17463.281799127053,3.486561176611567,0.0466666666666666,0.0333333333333333
355,0.0006927837640522,0.0005983444541393,0.000715445206385,101.96222222222222,15282.334398082776,1.0327107006668863,0.5311111111111111,0.5133333333333333
356,0.0003004480450187,0.0002601700656116,0.0005666259104629,77.33888888888889,6881.827460496103,1.8859364201472708,0.2677777777777778,0.2433333333333333
357,0.0002854936354872,0.0001550841927689,0.0004737565751698,78.20222222222222,12255.245504817309,1.659429550369137,0.2266666666666666,0.2088888888888889
358,-8.337500724471258e-05,-0.0001235251034369,0.0003068973446525,57.77222222222223,11244.929742602377,-3.680927352147749,0.0333333333333333,0.0311111111111111
359,0.000222628011641,0.0002119849975025,0.000308511133078,76.83777777777777,18984.144729923788,1.385769610948408,0.1655555555555555,0.1377777777777777
360,0.0001574187982119,0.0002081626421592,0.0004057456873011,70.64777777777778,13178.730928388,2.5774919635379243,0.1511111111111111,0.1355555555555555
361,-0.0005327157892285,-0.0005437145636721,0.0002784317275295,39.10333333333333,7396.443581338177,-0.5226646800402709,0.0,0.0
362,-0.0002138757412687,-0.0002141129860107,0.0002524942834594,59.30111111111111,14883.892168440603,-1.1805653224702706,0.0011111111111111,0.0011111111111111
363,-0.0002186168024434,-0.0002112308569644,0.0002721484013045,59.99444444444445,16539.462218585097,-1.244864979556573,0.0,0.0
364,-0.0003828345897232,-0.0003894463826227,0.0002588860783867,44.97666666666667,5522.1156036598895,-0.6762348161220993,0.0,0.0
365,1.7001494554107104e-05,-1.296275165331423e-06,0.0003005932250337,76.08222222222223,13895.451195472133,17.680400042309863,0.0355555555555555,0.0311111111111111
366,-6.14843249061548e-05,-8.8809657212267e-05,0.0003657734812015,64.65666666666667,17912.025816222686,-5.949052571689658,0.0466666666666666,0.0344444444444444
367,-5.1720015634011e-05,-7.63796412432764e-05,0.0003257929910825,66.42444444444445,26366.61690605401,-6.299166523613321,0.0366666666666666,0.0255555555555555
368,6.79536985236469e-06,2.6756303126383717e-05,0.0002848409429189,70.49888888888889,16847.804500216178,41.91691535668598,0.0222222222222222,0.02
369,4.302695086520992e-05,4.373918826336805e-05,0.0002917592332073,75.69555555555556,21962.9764102213,6.780848452900244,0.0511111111111111,0.0333333333333333
370,-0.0001859130806976,-0.0001725581116401,0.0002874012448934,59.76111111111111,13540.544335223452,-1.5458903903638224,0.0033333333333333,0.0022222222222222
371,-0.0003723408017647,-0.0003834362007037,0.0002200685467655,46.52222222222223,9332.742197805685,-0.5910406426652812,0.0,0.0
372,-0.0003066813487154,-0.0002984563460415,0.0003085082686778,52.49222222222223,8646.556497182117,-1.005957062501884,0.0011111111111111,0.0
373,-8.14883575833053e-05,-0.0001054433352293,0.0003053053546342,67.1588888888889,17649.802400112425,-3.746613181179095,0.0222222222222222,0.0166666666666666
374,8.809759825108761e-06,-1.3116425828279814e-05,0.0002809655447481,67.25222222222222,21462.38784351537,31.89253172911713,0.0255555555555555,0.0222222222222222
375,-0.0003435100915401,-0.0004136050299621,0.0003055889617303,44.94555555555556,13078.860777732862,-0.8896069409787274,0.0,0.0
376,0.0001338698204247,0.0001340108191758,0.0003399315716319,79.23444444444445,23273.884190083674,2.53926964683676,0.1055555555555555,0.0888888888888888
377,0.0004442890514607,0.000392648663656,0.0004796714902112,94.24777777777778,26047.557917275644,1.0796383314739069,0.3511111111111111,0.3266666666666666
378,0.0002554429934264,0.000231776954189,0.0001893453952439,72.86111111111111,31306.077763786958,0.7412432523752532,0.0611111111111111,0.0511111111111111
379,-8.786540946009837e-05,-6.860318158495429e-05,0.0002427413813797,54.32,16536.48999067241,-2.7626500903068694,0.0011111111111111,0.0011111111111111
380,9.084558949114076e-05,7.682771205196528e-05,0.0001865363219563,62.67111111111111,22518.809167607444,2.053333827225248,0.0177777777777777,0.0133333333333333
381,0.0001442065011272,0.0001776164595514,0.0003177750982742,71.00666666666666,26083.49264044576,2.2036114585003097,0.0855555555555555,0.0722222222222222
382,-0.000116969831004,-0.0001263478501175,0.0002008390437171,54.63555555555556,10939.745208050534,-1.7170157637502947,0.0022222222222222,0.0022222222222222
383,1.2781446466608296e-05,1.2884071356796984e-05,0.0002285545398627,62.282222222222224,13166.259760051054,17.881742920088993,0.0111111111111111,0.01
384,-3.713367990119062e-05,1.159709005863435e-06,0.0002526685628717,59.59888888888889,12503.745452869758,-6.804296356947242,0.0011111111111111,0.0011111111111111
385,-0.0001550828280885,-0.0001549335956967,0.0002057394775099,50.54444444444445,9014.167133972322,-1.3266425435091271,0.0,0.0
386,7.514046291886443e-05,0.0001408469233986,0.0003414695202902,66.79666666666667,12458.226010715349,4.544415978099487,0.0433333333333333,0.0355555555555555
387,-0.0001587641177976,-0.0001586655590585,0.0002259462410465,50.43555555555555,14901.564609022074,-1.4231568453932513,0.0033333333333333,0.0033333333333333
388,2.8588607994838847e-05,6.579931015039103e-05,0.0003286293303263,63.12222222222222,14167.808694952404,11.495114780881638,0.0333333333333333,0.0255555555555555
389,-8.141594548582867e-05,-5.919939244630378e-05,0.0002795276200246,57.172222222222224,16095.238666508156,-3.4333276897614136,0.0033333333333333,0.0022222222222222
390,0.0002209001826423,0.0002761877038501,0.0003811749691048,75.35,16499.09988192624,1.7255529830048857,0.1822222222222222,0.1444444444444444
391,0.0003482768643168,0.0003073606676102,0.000298742016669,85.24666666666667,15919.209038378654,0.8577716388224285,0.2077777777777777,0.1822222222222222
392,-0.0002787084266337,-0.0002795239175669,0.0002418498095105,41.01888888888889,2677.1553753180306,-0.8677520533973043,0.0,0.0
393,-0.0002061916523249,-0.000224360565286,0.0003823201734138,51.373333333333335,5795.9984031070935,-1.8541981166692392,0.0188888888888888,0.0133333333333333
394,3.352100015352801e-05,1.1578384637116316e-05,0.0002696256355683,60.77777777777778,8364.243976263371,8.04348421387927,0.0366666666666666,0.0311111111111111
395,-3.748010441598739e-05,-3.796150684445423e-05,0.0003706048033861,57.66888888888889,6099.407698759925,-9.888040846227788,0.0544444444444444,0.05
396,0.0001011642422689,2.0887893658748515e-05,0.0004319714075614,65.31111111111112,12658.927293821673,4.2700009200200295,0.1055555555555555,0.0966666666666666
397,-5.444132922467664e-05,-0.0001177175708421,0.0003616877040956,56.55555555555556,8381.078368127097,-6.643623681614181,0.0466666666666666,0.0422222222222222
398,-5.765643953443671e-05,-0.0001116098984803,0.0004297139586968,54.95666666666666,5747.556605084489,-7.453008929561093,0.0744444444444444,0.0666666666666666
399,0.0003261254946904,0.0001633575670636,0.0007929342639076,74.27111111111111,7976.339714325012,2.431377726725437,0.2644444444444444,0.25
400,0.0042717281988411,0.0039097903062933,0.0017894760070885,226.86333333333332,58795.59447691288,0.4189114858885542,1.0,1.0
401,0.0034202163297245,0.0031376662198761,0.0013751530665212,213.8111111111111,51508.9509701683,0.4020661075061433,1.0,1.0
402,-3.674569610669422e-05,-4.235546215322206e-05,0.0001141486031428,45.52666666666666,4298.908034011283,-3.106448243935049,0.0,0.0
403,-0.0002370742915704,-0.0002203397454583,0.0001944608024247,34.67666666666667,2311.0788306182294,-0.8202525931286276,0.0,0.0
404,0.0004793236829603,0.0004773965204526,0.000190314615094,104.26444444444444,8753.987926617141,0.3970482199391867,0.3333333333333333,0.2822222222222222
405,9.23022192774707e-05,8.29591033816168e-05,0.000215728926047,64.80888888888889,4052.7033316319935,2.3372019409253557,0.0133333333333333,0.0066666666666666
406,-0.0001364247370026,-0.0001578784832437,0.0002256973330305,47.14222222222222,2735.848851951708,-1.6543724986343555,0.0088888888888888,0.0066666666666666
407,8.816983350533087e-05,5.645577033140439e-05,0.0002527671920006,64.66888888888889,4885.43668256138,2.8668217002518053,0.0288888888888888,0.0255555555555555
408,-0.0002878740270404,-0.000309497512918,0.000240781534834,35.86222222222222,1948.305693188765,-0.8364128480413441,0.0022222222222222,0.0022222222222222
409,-0.0003195292254471,-0.0002965921393521,0.0001896521171598,24.196666666666665,1308.7445303419563,-0.5935360588518489,0.0,0.0
410,-0.0004877720108567,-0.0004371547265574,0.0003336567488104,19.49222222222222,1064.4507756668577,-0.6840424242965767,0.0,0.0
411,0.0007414587165676,0.0006966011935362,0.0003278160299205,114.71,12990.794381839383,0.4421231048951787,0.7122222222222222,0.6666666666666666
412,-0.0009160797588038,-0.0007155210391013,0.0008468199995711,9.322222222222225,486.6191048696472,-0.9243954922405664,0.0,0.0
413,-0.0003840291411807,-0.0003920738310559,0.0002031633585201,31.51222222222222,1788.088011501473,-0.5290310987740351,0.0,0.0
414,0.0046245845634338,0.0041940103635617,0.0020506188862024,235.94333333333333,65754.50018941547,0.443416886008858,1.0,1.0
415,0.0037217035476758,0.0034695115132426,0.0014423485196374,226.92333333333332,61364.82457291832,0.3875506206124892,1.0,1.0
416,4.900655407851048e-05,4.759631919856588e-05,0.0001422636722124,55.72555555555556,5854.986506519425,2.902951959945937,0.0,0.0
417,-0.00011711132336,-0.0001086764502694,0.0001781332994811,41.784444444444446,2771.262624758747,-1.521059572808836,0.0011111111111111,0.0011111111111111
418,0.0007017914332676,0.0006904561747909,0.0002312457789904,125.92111111111112,10561.072525710098,0.3295078395495714,0.7211111111111111,0.6833333333333333
419,0.0002938021205053,0.0002859432465692,0.0002558166621665,82.76333333333334,5601.745227823928,0.8707107413877743,0.1422222222222222,0.1222222222222222
420,-0.0002223696900943,-0.0002279200256119,0.000195664486439,38.75555555555555,2306.6755595042555,-0.8799062783960631,0.0,0.0
421,6.527527433743076e-05,4.804738843030768e-05,0.0002137505126859,61.38666666666666,4804.018680218458,3.2746015218712263,0.0188888888888888,0.0155555555555555
422,-0.0003216868806614,-0.0003355904087074,0.0002227148774817,32.55,1735.696689710675,-0.692334350172421,0.0,0.0
423,-0.0002590178105466,-0.0002372970527589,0.0001967950145586,30.376666666666665,1749.77621921887,-0.7597740639659535,0.0,0.0
424,-0.0005244898745951,-0.0004768330913331,0.0004369124769934,18.58333333333333,1094.2248579741931,-0.8330236638613913,0.0,0.0
425,0.0007949125340368,0.0007233577474279,0.000381940385691,117.98333333333332,13199.120224153608,0.4804810206620827,0.7355555555555555,0.6955555555555556
426,-0.000935725326577,-0.0007615064935436,0.0008298463012789,8.86111111111111,448.2382361362295,-0.8868481783159573,0.0,0.0
427,-0.000400949068207,-0.0003974132987342,0.0001892532689503,27.88222222222222,1542.715254527736,-0.4720132404762327,0.0,0.0
428,0.0009991980380879,0.000907371403035,0.0004489032397279,134.4088888888889,13031.560764324764,0.4492635319690123,0.8866666666666667,0.8622222222222222
429,0.0004464577795259,0.0004131154031749,0.0003025126384113,93.07111111111112,8519.475468670138,0.6775839783384376,0.2844444444444444,0.2444444444444444
430,0.0008204509191937,0.0007527766112484,0.0003950178246665,124.17111111111112,17792.36119949286,0.4814642965538339,0.7666666666666667,0.7244444444444444
431,0.0005407673966274,0.0005190536595564,0.0002432307431987,108.25666666666666,10230.461134522331,0.449788106153798,0.4133333333333333,0.3677777777777777
432,0.0010925463005152,0.0010158728646442,0.0004417835706826,146.79555555555555,15957.823256961705,0.4043614174285219,0.9355555555555556,0.9255555555555556
433,0.000547771993521,0.0005267199926974,0.0002363539970448,107.20111111111112,11127.153840362049,0.4314824413084415,0.4422222222222222,0.3844444444444444
434,0.0001952194881436,0.0001765109431919,0.0002227742311265,76.89555555555556,6389.570852005647,1.1411475014351442,0.0566666666666666,0.0477777777777777
435,0.0008510149838623,0.0007932639653891,0.0003892835389799,130.78,14997.821112213323,0.4574344122746391,0.8222222222222222,0.79
436,0.0005500196753277,0.0004948363969661,0.0003798613417705,103.20333333333332,10004.76266405787,0.6906322788256442,0.4222222222222222,0.3866666666666666
437,0.0006733084434759,0.0006254472288763,0.0003666571947389,110.07555555555555,13377.476549918154,0.5445605179790424,0.5988888888888889,0.5633333333333334
438,0.0004757170813762,0.0004526924608447,0.000228867328898,102.62222222222222,9794.043772295274,0.4810996658685717,0.3,0.2655555555555555
439,0.0010278781406703,0.0009962753558035,0.0004093218512658,145.18333333333334,18936.630877940846,0.3982202121731028,0.9066666666666666,0.8944444444444445
440,0.0005519255928705,0.0005238813213263,0.0002886276227262,108.62,11277.131732922337,0.5229466189910165,0.4444444444444444,0.4
441,0.0001969735282348,0.0001697789136294,0.000325663564964,76.17777777777778,6926.321683466261,1.6533367091632312,0.0522222222222222,0.0466666666666666
442,0.0019859143106974,0.0016862487738481,0.0010589925966016,159.10555555555555,37521.58253930941,0.5332519086534689,0.9933333333333332,0.9922222222222222
443,0.0001549471619332,0.000148481968146,0.0002615910465916,69.86555555555556,14624.853446756551,1.688259683674568,0.0388888888888888,0.0333333333333333
444,0.0017794001795981,0.0014893901622172,0.0010151914578672,157.4622222222222,43851.69017344437,0.5705245337766021,0.9822222222222222,0.9755555555555556
445,0.0002357529833952,0.0002312681205018,0.0003515267924675,79.47666666666667,14950.668710706035,1.4910809925074464,0.1633333333333333,0.1377777777777777
446,0.0007590527116895,0.0005481818664034,0.0006328538487622,103.03666666666666,109007.91872426258,0.8337416348248705,0.5111111111111111,0.4855555555555556
447,0.0005367583961304,0.0004891822448711,0.0003808471936093,97.59555555555556,97459.82222525742,0.7095318794358451,0.4066666666666667,0.3633333333333333
448,0.0003506916306852,0.0003050464567938,0.0003783928224835,82.13555555555556,96743.2078930279,1.0789901707779606,0.1933333333333333,0.1688888888888889
449,9.909348590177862e-05,8.92118472876061e-05,0.0002517852825085,63.07888888888889,39037.67745024206,2.540886317776216,0.0266666666666666,0.0188888888888888
450,0.0004411904766331,0.0003911649921501,0.0003550994665712,86.4888888888889,100929.22013570272,0.8048665721008614,0.2911111111111111,0.2655555555555555
451,0.0020184970979008,0.0017060362284092,0.0012385758638599,143.49333333333334,173615.11760622077,0.6136129029603437,0.9866666666666668,0.9788888888888888
452,6.20990515624057e-05,7.572268555740418e-05,0.0004092701415021,60.75,46529.261267679736,6.5906021300633775,0.0477777777777777,0.04
453,0.0001847213890185,0.0001639042328579,0.0004984510967335,68.58111111111111,68340.42109886391,2.698394048365907,0.1411111111111111,0.1244444444444444
454,-0.0001330596784762,-9.098762590494736e-06,0.0005823644767305,49.263333333333335,35256.062130798775,-4.376716398233688,0.0111111111111111,0.01
455,-0.0003529447395592,-0.0003324758299988,0.0003099596096741,34.92111111111111,30469.63516184977,-0.8782100281795988,0.0011111111111111,0.0011111111111111
