subject,n_pairs,residual_median,residual_mean,frac_beat_control,wilcoxon_p,cliffs_delta
1,46,6.117228872315e-05,0.0001667673109240696,0.6304347826086957,0.07949890333343071,0.13185255198487714
3,46,0.00013458593690105001,0.0001131941593323826,0.6304347826086957,0.17548228152548873,0.11153119092627599
4,46,5.760576029979997e-05,3.496926450774132e-05,0.5869565217391305,0.24236948195053398,0.06427221172022685
5,46,4.021058405675001e-05,6.747089949613913e-05,0.6086956521739131,0.3174549723093276,0.14603024574669188
6,46,3.953411879545002e-05,3.081242109016957e-05,0.5869565217391305,0.11949132869492993,0.09357277882797732
7,46,4.088218844500006e-05,7.363872452836522e-05,0.5652173913043478,0.35874158121331245,0.07750472589792061
8,46,5.6076021560799976e-05,8.4682919516251e-05,0.5869565217391305,0.26618343812498924,0.09026465028355388
9,46,-2.976461030000004e-06,3.468224156699352e-05,0.5,0.5551958863021755,0.06427221172022685
10,46,0.00010161782265520001,0.00015626861763688482,0.6521739130434783,0.08528287673861011,0.11483931947069943
11,46,0.00010301730496245,0.0001240491933101087,0.6521739130434783,0.029276580057914017,0.12381852551984877
12,46,8.658985263409997e-05,7.770884210741739e-05,0.6086956521739131,0.13729805378395682,0.10255198487712665
13,46,4.234223204839998e-05,7.538273806331304e-05,0.6086956521739131,0.0967599865964776,0.15311909262759923
14,46,7.083138604729999e-05,6.0694285507932595e-05,0.6304347826086957,0.11818593544377566,0.1224007561436673
15,46,8.206428386895001e-05,0.00017359017189524784,0.6086956521739131,0.11564647551095938,0.12429111531190926
16,46,9.327686537365001e-05,5.803250112791741e-05,0.6086956521739131,0.2917246457006304,0.07986767485822306
18,46,0.00013114850367205002,0.00018975711116768693,0.6304347826086957,0.059468821653655225,0.16918714555765596
19,46,-1.0001765041178778e-16,4.592530142463028e-06,0.5,0.8227649175249421,0.008979206049149339
21,46,5.728304322785e-05,3.9976794939332606e-05,0.5652173913043478,0.4063146154069326,0.05718336483931947
22,46,4.25620772284e-05,8.460470881574682e-05,0.5652173913043478,0.2294201481681405,0.0831758034026465
23,46,5.0212510914699924e-05,6.883351879873911e-05,0.5869565217391305,0.09245830202655728,0.10396975425330812
24,46,9.580023271134997e-05,0.00022066019223091737,0.6739130434782609,0.00743253487405163,0.22306238185255198
26,46,5.997487841745002e-05,0.00010146836767026087,0.5652173913043478,0.15280779775356548,0.1767485822306238
27,46,8.49663909222e-05,0.00013601628771678262,0.6304347826086957,0.05312284160101692,0.18005671077504726
28,46,6.275272096035003e-05,0.0001859149666505131,0.5869565217391305,0.11929979249442628,0.11814744801512288
29,46,2.6474487518850015e-05,7.824042386307827e-05,0.5434782608695652,0.1828654024319437,0.09735349716446125
30,46,5.429828896180006e-05,0.00013091094325053045,0.6086956521739131,0.1219825523514489,0.11389413988657845
31,46,0.00011000301762075003,0.00021056809517905,0.6304347826086957,0.034972576279464145,0.12948960302457466
32,46,9.598787273149977e-06,4.070656274925435e-05,0.5652173913043478,0.47420459389718106,0.05387523629489603
33,46,7.338120813399991e-06,5.312161371488696e-05,0.5217391304347826,0.42287967713824304,0.09924385633270322
34,46,4.027023499505002e-05,4.9867650098473896e-05,0.5869565217391305,0.2050021314665723,0.10255198487712665
36,46,6.033807680049999e-05,0.00016834515383003695,0.6086956521739131,0.04157956223253964,0.06994328922495274
37,46,0.00016520117531730003,0.00023896903268599343,0.6086956521739131,0.019956927340069965,0.1843100189035917
38,46,4.975925941375005e-05,9.805501119775221e-05,0.6304347826086957,0.06171906885971041,0.07750472589792061
39,46,0.00010051843041784998,8.567203820147173e-05,0.6521739130434783,0.0482191827413588,0.08553875236294896
40,46,8.423925153089995e-05,5.5870350271534785e-05,0.5652173913043478,0.2490282340973592,0.10302457466918714
41,46,3.734082725754997e-05,4.969226883978912e-05,0.5217391304347826,0.3474175528576755,0.08081285444234404
42,46,0.0001826609335791,0.00020013284896493042,0.7391304347826086,0.009615129419226908,0.28166351606805295
43,46,9.751048626530003e-05,6.706254786623368e-05,0.5869565217391305,0.12746360205325857,0.0949905482041588
44,46,2.5335168063300012e-05,4.749534064012825e-05,0.5434782608695652,0.5370233746459043,0.08506616257088846
45,46,0.00011515001433665004,0.00011899373150532614,0.6956521739130435,0.008878301016871362,0.139413988657845
46,46,9.657941627630004e-05,6.398025718130215e-05,0.6086956521739131,0.1973139015843901,0.06852551984877127
47,46,4.091484123764998e-05,5.4637831466406494e-05,0.6304347826086957,0.1492450783282673,0.05056710775047259
48,46,0.00011960268392224995,0.00024057898357450442,0.6739130434782609,0.01800735080710442,0.11578449905482041
49,46,8.171851881539998e-05,6.56978131504761e-05,0.5652173913043478,0.16693435405146717,0.09735349716446125
50,46,9.653573251255004e-05,0.00018942312463236306,0.6739130434782609,0.008325982683989175,0.16871455576559546
51,46,9.950503170485001e-05,9.634975609983043e-05,0.6521739130434783,0.08429359907126827,0.09026465028355388
52,46,1.6471871137250008e-05,5.980005391176359e-05,0.5434782608695652,0.28672426420611374,0.12618147448015124
53,46,8.072192384455e-05,5.117706159956086e-05,0.6956521739130435,0.14466850083845734,0.10491493383742911
54,46,0.00012147764139890002,0.00022946134543117824,0.6521739130434783,0.03944690044586318,0.1441398865784499
55,46,7.878592527319996e-05,0.00019420540275696084,0.5869565217391305,0.028125335928674503,0.0949905482041588
56,46,0.00015562108472239993,0.00017135477458608258,0.6304347826086957,0.10704621075394308,0.11389413988657845
57,46,6.225753668735002e-05,0.00017597743677510652,0.6304347826086957,0.07672224476066884,0.1323251417769376
58,46,4.1307263334299925e-05,8.934940655986085e-05,0.5869565217391305,0.2231282701290327,0.08459357277882798
59,46,3.687791017264997e-05,0.00011300674386793479,0.6086956521739131,0.22107013583255597,0.13468809073724008
61,46,2.2079985366750044e-05,0.00011369592464951517,0.5434782608695652,0.24458437262675492,0.0997164461247637
62,46,9.270876480625001e-05,3.7237060812463046e-05,0.6521739130434783,0.10469315918030059,0.054820415879017016
63,46,0.00015267489825975005,0.00010954399425352609,0.5869565217391305,0.2581279980466926,0.1786389413988658
64,46,0.00010869653794150008,0.0002794288681169478,0.6521739130434783,0.04439164628692068,0.09924385633270322
65,46,5.124053660164997e-05,3.8923711965123914e-05,0.5652173913043478,0.2627274899950869,0.08790170132325142
66,46,8.899673512095005e-05,3.1213347680108676e-05,0.5652173913043478,0.39408644084638855,0.04064272211720227
67,46,6.726924887104997e-05,0.00013212798954109566,0.6521739130434783,0.1492450783282673,0.16257088846880907
68,46,-6.728170980350003e-06,1.7876782798228266e-05,0.4782608695652174,0.8827380524217481,0.02551984877126654
69,46,0.00011204315370650004,0.00015117599143913478,0.6956521739130435,0.03382279215545286,0.1323251417769376
70,46,9.397267296394997e-05,7.331684388245654e-05,0.6086956521739131,0.2050021314665723,0.1219281663516068
72,46,3.7478741498849974e-05,1.1821938921239136e-05,0.5434782608695652,0.5773636069056507,0.031190926275992438
73,46,2.979958037400022e-06,3.896619042323695e-05,0.5,0.6162644134111035,0.08648393194706994
75,46,0.0001224048200487,0.00011964766590415219,0.6304347826086957,0.02655710336742474,0.1828922495274102
76,46,0.00010292167618520002,0.00012970688259621301,0.6521739130434783,0.041041960411917745,0.0997164461247637
77,46,0.00016013088881969983,0.00010814203056423481,0.6086956521739131,0.03690121085281952,0.18620037807183365
78,46,8.602016670509994e-05,0.0001666061348447087,0.6956521739130435,0.008459633437488595,0.14933837429111532
79,46,0.00010361881370434992,0.00011523570555142176,0.6086956521739131,0.022081196918739582,0.15264650283553874
80,46,2.9450123187350007e-05,5.934840042333043e-05,0.5869565217391305,0.1416865136406016,0.166351606805293
81,46,2.9355743215900016e-05,1.8123980594145674e-05,0.6086956521739131,0.2089135141144448,0.06947069943289225
82,46,5.148284430025004e-05,7.975044328239564e-05,0.5652173913043478,0.09457967253255961,0.1053875236294896
83,46,0.00010028670652435003,8.553866144711523e-05,0.6521739130434783,0.16361171092089877,0.15642722117202268
84,46,0.0001675667177352,0.0001336214015029239,0.6086956521739131,0.06172101066339776,0.2391304347826087
85,46,6.275777316234999e-05,9.926902421534995e-05,0.5869565217391305,0.27216869247211173,0.12429111531190926
86,46,6.334172324730001e-05,0.0001139382463671109,0.5869565217391305,0.10469833894561537,0.12051039697542533
87,46,9.752143659479996e-05,0.0001909646451741174,0.6521739130434783,0.018546474375286153,0.13752362948960303
88,46,4.902371429654995e-05,6.542954226932173e-05,0.6304347826086957,0.1554899379144139,0.07750472589792061
89,46,-1.6883055779550067e-05,2.1319246239543492e-05,0.45652173913043476,0.9869240243922673,0.043478260869565216
90,46,0.00011155443254034998,5.166093429149564e-05,0.6739130434782609,0.08331361428049036,0.138468809073724
91,46,6.452968484565004e-05,0.00016024388005908262,0.6086956521739131,0.09786008776715571,0.12570888468809074
92,46,7.336544963850019e-06,1.5438642445586964e-05,0.5,0.8698164718446875,0.036389413988657845
93,46,3.637767000045001e-05,0.00012559495472167824,0.5652173913043478,0.20960881429070266,0.10869565217391304
95,46,6.957878467295003e-05,6.143658646640433e-05,0.5869565217391305,0.3673772063595422,0.13468809073724008
96,46,0.0,9.40349564939413e-05,0.5,0.4346716399081544,0.06805293005671077
97,46,7.174017072564991e-05,0.00013058576123570437,0.5869565217391305,0.15870930417792006,0.09262759924385633
98,46,2.9410929082050014e-05,2.7396919807817416e-05,0.5434782608695652,0.3790915758820923,0.05151228733459357
99,46,0.00015034506830805,0.0002175661922952848,0.5869565217391305,0.07228943111292091,0.19801512287334594
101,46,-6.660159184749984e-06,2.313359639556953e-05,0.4782608695652174,0.797368725433405,0.034026465028355386
103,46,2.5849995971799977e-05,4.704378148918114e-05,0.5434782608695652,0.5051026799419664,0.08128544423440454
104,46,2.335826247315e-05,0.00015601795967092,0.5217391304347826,0.3880481391264923,0.1053875236294896
105,46,9.100041026785001e-05,8.65014418780826e-05,0.6304347826086957,0.1754726175027378,0.11720226843100189
106,46,0.00013621564229745,0.00010032706924418695,0.6521739130434783,0.07142687142940624,0.15406427221172023
107,46,0.00010386066017390003,5.40914059352826e-05,0.6086956521739131,0.32276561278607707,0.1266540642722117
108,46,4.8834547048850054e-05,6.997044784661523e-05,0.5652173913043478,0.5999797204610295,0.12996219281663515
109,46,2.3498536439850004e-05,0.00018016608849238694,0.5434782608695652,0.12475763825985149,0.055293005671077505
110,46,9.370822955664997e-05,7.56836553149913e-05,0.5652173913043478,0.18434587574300842,0.08270321361058601
111,46,2.9013164360749987e-05,2.8193227106991293e-05,0.5652173913043478,0.3260645065380491,0.05340264650283554
113,46,0.00010859181154790001,0.0002065605110966435,0.6739130434782609,0.019100556688813067,0.11247637051039698
114,46,6.065025993209997e-05,5.98141481834348e-05,0.5652173913043478,0.2604384322263683,0.06899810964083176
115,46,4.788122942790007e-05,4.909827739998609e-05,0.5652173913043478,0.28183894433083134,0.09593572778827977
116,46,0.00012453694488750002,0.00019576537351088485,0.6956521739130435,0.00450141947069155,0.29678638941398866
117,46,2.2138776297799965e-05,7.726112076095654e-05,0.5434782608695652,0.30956844486377055,0.0997164461247637
118,46,0.00019508359622619995,0.0001576383289356913,0.6304347826086957,0.05114436233262828,0.2433837429111531
119,46,3.543755999389997e-05,6.898126487953043e-05,0.5869565217391305,0.18285843089093945,0.09357277882797732
120,46,7.521105422935001e-05,9.762048598831954e-05,0.6304347826086957,0.11691350268667348,0.08412098298676748
121,46,5.152865036220003e-05,6.49068962326826e-05,0.5652173913043478,0.32886028882130935,0.07325141776937619
122,46,0.00012745063294520003,0.00024244127689455568,0.6739130434782609,0.01575415737523328,0.15311909262759923
123,46,5.448033177365004e-05,0.00010127836059439129,0.5652173913043478,0.16032989931920183,0.0893194706994329
124,46,6.597820573944996e-05,0.00025097217004499997,0.5869565217391305,0.024060800393852236,0.10822306238185256
125,46,0.000177724324524,0.0001725296055025674,0.717391304347826,0.005519056941632307,0.1498109640831758
126,46,5.191353552154996e-05,5.1429869041489126e-05,0.5217391304347826,0.28922804421524884,0.0997164461247637
127,46,6.279093686490002e-05,7.386982309624132e-05,0.6086956521739131,0.12610779364198033,0.10066162570888469
128,46,2.788159987215e-05,4.852164005220003e-05,0.5434782608695652,0.5334237668649783,0.0945179584120983
129,46,8.356781667785002e-05,8.559350827116956e-05,0.5869565217391305,0.09351903062643813,0.1266540642722117
136,46,8.095306521385004e-05,0.00012603720311365866,0.5869565217391305,0.0913976023477052,0.18620037807183365
139,46,2.2740664910600038e-05,9.545976167858637e-05,0.5434782608695652,0.3363057139833777,0.0666351606805293
140,46,6.342888764140003e-05,0.00018297534523845866,0.6086956521739131,0.044505730234623585,0.08459357277882798
141,46,4.13272339585e-05,0.00012471968819587176,0.5869565217391305,0.19541865293852123,0.055293005671077505
142,46,5.86812153535e-06,4.2862800779463014e-05,0.5,0.39095803646393057,0.08790170132325142
143,46,0.00015333766264755003,0.00010912072795827172,0.6086956521739131,0.2149437986133118,0.13043478260869565
144,46,6.231952612429997e-05,0.00014070278103220436,0.6086956521739131,0.09245830202655728,0.09877126654064272
145,46,0.00010864984285694997,6.199318014109348e-05,0.5869565217391305,0.4094198780512064,0.09073724007561437
146,46,0.00013535907180419994,0.00017541008740964346,0.5869565217391305,0.16032677999231215,0.07419659735349717
147,46,0.00010558583024079999,5.609045176595435e-05,0.5652173913043478,0.33084709467365936,0.07277882797731569
149,46,7.373026539110003e-05,0.00015509001041834347,0.6086956521739131,0.24459141225302206,0.09168241965973535
150,46,2.247900239345002e-05,6.805599420276087e-05,0.5434782608695652,0.3155208685923607,0.1498109640831758
151,46,6.761120312560003e-05,0.00018700489961474568,0.6086956521739131,0.28183894433083134,0.08553875236294896
152,46,8.573687775984993e-05,0.00016132795486248697,0.6086956521739131,0.075823168368946,0.16446124763705103
153,46,4.305005498659995e-05,5.150516323720435e-05,0.5869565217391305,0.2697655115282034,0.09735349716446125
154,46,0.00010565272998019996,9.499813704124783e-05,0.6521739130434783,0.039435137411809616,0.16020793950850662
155,46,7.807052458575002e-05,4.0027955591606524e-05,0.5652173913043478,0.2990276029694723,0.07088846880907372
156,46,5.733225733699996e-05,0.00016065176010744998,0.5869565217391305,0.10354246096418392,0.11578449905482041
157,46,6.624607254744998e-05,0.00010893798596675872,0.5869565217391305,0.26507706518163465,0.10633270321361059
159,46,4.415252937974999e-05,4.341665388997609e-05,0.5652173913043478,0.4877929990720091,0.062381852551984876
160,46,0.00011128258969525002,0.00016570617310051307,0.6304347826086957,0.0338199547479598,0.15926275992438563
161,46,8.205757940759993e-05,0.00016401959486398476,0.6739130434782609,0.05657166220244827,0.09924385633270322
163,46,0.0001172505465492,0.00013599643745315653,0.5434782608695652,0.1492511474123811,0.13185255198487714
164,46,5.110110130050001e-05,5.0561524454432606e-05,0.5869565217391305,0.26980124824542295,0.08412098298676748
165,46,7.682589075695012e-05,6.421074871205e-05,0.5869565217391305,0.2490352967763082,0.10255198487712665
167,46,5.392803537660005e-05,4.442250622669783e-05,0.5869565217391305,0.19423895439087124,0.06805293005671077
168,46,5.974598754634981e-05,0.00018343910293376522,0.6304347826086957,0.0989752130615973,0.07372400756143667
169,46,5.310941657919998e-05,9.431555914227825e-05,0.5652173913043478,0.24680278910282483,0.07892249527410208
170,46,8.752146966330008e-05,0.00020735558214242825,0.5652173913043478,0.16032366064147774,0.10349716446124764
173,46,7.189825542515003e-05,6.848220205209783e-05,0.5869565217391305,0.10942516191563746,0.09829867674858223
174,46,5.640874946570009e-05,0.00012469302513495653,0.6086956521739131,0.051140895564303394,0.0883742911153119
176,46,5.167567272844998e-05,8.531300503852609e-05,0.6086956521739131,0.15550535585499206,0.18005671077504726
177,46,0.00010593163962675003,0.00016918786955268046,0.6304347826086957,0.012735611040187177,0.1833648393194707
178,46,4.688115411524994e-05,7.643666431844918e-05,0.5652173913043478,0.2917174452431024,0.07655954631379962
179,46,0.00012301350720690007,0.00015935694254711743,0.6521739130434783,0.06170741818686605,0.1668241965973535
180,46,0.00012887188935525005,0.0001000512144494696,0.6304347826086957,0.08233829044449881,0.11011342155009451
181,46,2.786010812029998e-05,0.00022625977967676304,0.5652173913043478,0.11437407068990076,0.11483931947069943
182,46,2.4400628431149997e-05,2.311469280880437e-05,0.5652173913043478,0.498221431824886,0.054820415879017016
183,46,0.00010341531863475003,0.0001154809782688239,0.6086956521739131,0.06806058692750597,0.12003780718336483
184,46,7.365910814200057e-06,6.827879067732827e-05,0.5217391304347826,0.2810319229250493,0.14272211720226843
185,46,0.00011510658303895004,0.00016720610668867174,0.6521739130434783,0.017743395248708757,0.18100189035916825
186,46,4.593990483489998e-05,4.295967636380872e-05,0.6086956521739131,0.12078571675046232,0.09688090737240075
188,46,0.00010011703935589999,8.173806594771305e-05,0.5869565217391305,0.22106324499864782,0.1275992438563327
191,46,1.4757037415499743e-06,3.933071276940218e-05,0.5,0.5370233746459043,0.11578449905482041
192,46,8.116465979385003e-05,0.00018950183612741816,0.6086956521739131,0.05017692786182784,0.09829867674858223
193,46,6.313496108319999e-05,5.2154967851360866e-05,0.6304347826086957,0.09351903062643813,0.1275992438563327
194,46,9.041627985294999e-05,9.47278556102348e-05,0.6086956521739131,0.07057486358215381,0.1285444234404537
195,46,8.556969577945003e-05,0.00015423713156065435,0.6521739130434783,0.005706580197583954,0.1446124763705104
196,46,6.621870294999996e-05,7.223276872502395e-05,0.5434782608695652,0.3281340184182002,0.11342155009451796
197,46,6.820645469525006e-05,0.00011845875283785436,0.5652173913043478,0.12476326416153898,0.11531190926275993
198,46,5.001776592055004e-05,4.899438452083478e-05,0.6304347826086957,0.25813510152174735,0.12287334593572778
199,46,3.3195091844849946e-05,5.6543910070091326e-05,0.5434782608695652,0.2942284476266309,0.11720226843100189
200,46,7.562689840390002e-05,0.0002499942869234566,0.5652173913043478,0.0680523639604987,0.12476370510396975
201,46,2.6307947629749943e-05,8.051248706962825e-05,0.5434782608695652,0.2535639279281757,0.09073724007561437
202,46,4.4919340328750026e-05,6.345697258138913e-05,0.6086956521739131,0.17373810338894324,0.1053875236294896
203,46,0.00010269062697220002,0.0001266730342651152,0.6739130434782609,0.06642701256434931,0.14744801512287334
204,46,1.914580796885001e-05,0.0001154831594373739,0.5434782608695652,0.25886405453665673,0.062381852551984876
205,46,7.532441483080007e-05,0.00022886292792661955,0.6304347826086957,0.05517766307849598,0.1290170132325142
206,46,2.8109405752500024e-05,2.084084087818914e-05,0.5652173913043478,0.9216663137460109,0.03544423440453686
207,46,6.852565330360013e-05,0.000198667342694813,0.5869565217391305,0.041038943226895,0.09640831758034027
208,46,9.197563003944997e-05,0.00017455537563869353,0.6304347826086957,0.18075364510669945,0.09593572778827977
209,46,0.00010333892528280005,0.00010556926179952395,0.6521739130434783,0.03496985851354206,0.13988657844990549
210,46,5.25359916328e-05,9.686826136348695e-05,0.5869565217391305,0.03832780770218882,0.08034026465028356
211,46,0.00016414313718750002,8.50235499147239e-05,0.5652173913043478,0.25031588268895266,0.1290170132325142
213,46,7.506809970394998e-05,9.961082454309782e-05,0.6304347826086957,0.060201015959207814,0.06427221172022685
214,46,7.020330156585e-05,0.00014612568216114134,0.5869565217391305,0.05199964572966156,0.14555765595463138
215,46,3.255933890839997e-05,9.523284898088696e-05,0.5434782608695652,0.2423800237768211,0.07325141776937619
216,46,3.494404029980003e-05,3.12407316809587e-05,0.6086956521739131,0.30956844486377055,0.11625708884688091
217,46,1.753842758585002e-05,6.201994682536086e-05,0.5652173913043478,0.14770141137753715,0.0949905482041588
218,46,7.133022002714997e-05,4.416141792453779e-05,0.5652173913043478,0.34180041141667517,0.062381852551984876
219,46,1.1730092350050023e-05,6.897804305800001e-05,0.5217391304347826,0.48438276779564793,0.0671077504725898
220,46,4.0914722189299975e-05,9.062865093630651e-05,0.5869565217391305,0.07178953006131215,0.11814744801512288
221,46,0.00013034836953049997,0.00020051366034259566,0.5869565217391305,0.021766725857291048,0.16068052930056712
222,46,0.0001279627587963,0.00014308265510415018,0.6304347826086957,0.04496778765322569,0.1781663516068053
223,46,8.692169979290001e-05,0.00017576502891081527,0.6086956521739131,0.03892267155085972,0.11436672967863894
224,46,3.6782671598300045e-05,3.435181677956742e-05,0.5869565217391305,0.5086028871623909,0.0500945179584121
225,46,2.6525176651949966e-05,0.0002314225557167957,0.5652173913043478,0.1865921791242765,0.08553875236294896
226,46,0.00012078680689810005,0.00013412522729185002,0.5434782608695652,0.24904235927912022,0.09310018903591682
227,46,8.737137303600003e-06,2.9440353957982606e-05,0.5217391304347826,0.4163545423814041,0.07419659735349717
228,46,4.1126347586900017e-05,5.974176734083477e-05,0.6304347826086957,0.04859946950101866,0.1110586011342155
229,46,7.768542259189998e-05,9.717173260658868e-05,0.6086956521739131,0.11067023064686721,0.12429111531190926
230,46,2.6524281599950002e-05,0.00011570737335630056,0.5434782608695652,0.4001635936459179,0.11294896030245746
232,46,4.6801965744200065e-05,0.00016361611122237829,0.6304347826086957,0.011973319397608014,0.08506616257088846
233,46,4.003688310044994e-05,3.7071188056063036e-05,0.5434782608695652,0.4187844246201481,0.06143667296786389
234,46,0.00011059945746744995,0.00012537810961039568,0.5869565217391305,0.12881076891205145,0.08553875236294896
235,46,8.496321248510001e-05,0.00018489705966405216,0.6521739130434783,0.03242949643831905,0.0940453686200378
236,46,5.685213924769999e-05,4.6869740215993475e-05,0.5652173913043478,0.2917030437193463,0.12618147448015124
237,46,0.00010044510774960005,2.8707776959115207e-05,0.5652173913043478,0.6820024926066826,0.06758034026465029
238,46,8.363172557264995e-05,0.00018416841474352174,0.6086956521739131,0.03841446599467517,0.06049149338374291
239,46,0.00010329366309545004,0.00013944806065681954,0.6304347826086957,0.055172215726002685,0.07939508506616257
240,46,6.630603571880004e-05,0.00021463133874569996,0.5652173913043478,0.1302035383045518,0.08128544423440454
241,46,1.5430052183299978e-05,8.529656175820437e-05,0.5434782608695652,0.13348157939338895,0.17485822306238186
242,46,9.342284200720004e-05,0.00013143027151936955,0.6521739130434783,0.03544853459971545,0.1337429111531191
243,46,0.00010472953743549999,0.00019308600195101306,0.5869565217391305,0.0883022993203564,0.10113421550094517
244,46,2.582401871005003e-05,2.559946202566956e-05,0.5434782608695652,0.3910619911242533,0.05434782608695652
245,46,7.007976248200008e-05,0.00015144926244397612,0.6086956521739131,0.09245830202655728,0.12948960302457466
246,46,8.967799332980001e-05,9.082853066418044e-05,0.6956521739130435,0.015058536275112916,0.15595463137996218
247,46,2.484368365140001e-05,4.5652651415730435e-05,0.5652173913043478,0.2314756670277731,0.08648393194706994
248,46,7.291918954039993e-05,9.60501658143413e-05,0.5652173913043478,0.1477074556750443,0.11578449905482041
252,46,4.946514564605002e-05,0.0001096835838238283,0.5869565217391305,0.149474115887152,0.06758034026465029
253,46,1.754498883665002e-05,4.875726970184782e-05,0.5217391304347826,0.46750277455420364,0.11389413988657845
254,46,6.343941567510001e-05,0.00012585251117749004,0.5869565217391305,0.10586969916799582,0.22069943289224953
255,46,6.313230645280002e-05,0.00027280906645185866,0.6304347826086957,0.04382177167805297,0.13752362948960303
256,46,3.629552369000005e-05,6.904844968144785e-05,0.6086956521739131,0.31745136174934696,0.08506616257088846
257,46,4.2254123545850016e-05,5.5177423700810884e-05,0.5869565217391305,0.39713204865280705,0.07466918714555766
258,46,4.107349120740009e-05,3.8203449119902164e-05,0.6086956521739131,0.3878487649863366,0.09546313799621928
259,46,6.882156075985001e-05,3.979044909789782e-05,0.5869565217391305,0.6940641437155656,0.09829867674858223
260,46,2.795266024700001e-05,4.5543007084354324e-05,0.5652173913043478,0.2273136130954313,0.09026465028355388
261,46,5.397267830829994e-05,3.405796504312609e-05,0.5434782608695652,0.4574966348141122,0.07561436672967864
262,46,0.00011127230154615002,0.00018536896001289347,0.6739130434782609,0.006625227597413368,0.17580340264650285
263,46,0.0001706042855849,8.82691738460848e-05,0.6521739130434783,0.0823428643184688,0.15122873345935728
264,46,4.2455206963499994e-05,3.093437868708696e-05,0.5217391304347826,0.4878027398955974,0.048676748582230624
265,46,4.7619707449849996e-05,4.338181228958345e-05,0.5869565217391305,0.35302748262726746,0.05245746691871456
266,46,0.00010810454878979999,7.880879554424567e-05,0.6304347826086957,0.05729075664862451,0.11625708884688091
267,46,5.609569822519997e-05,5.0896897817634814e-05,0.6086956521739131,0.27456116648990847,0.11011342155009451
268,46,3.978887413235002e-05,0.00010635995339734134,0.5869565217391305,0.2558317804590806,0.11247637051039698
269,46,2.6431408922449984e-05,3.884906359727173e-05,0.5652173913043478,0.4708437188677056,0.08695652173913043
270,46,2.0589881129999966e-05,5.121892790414782e-05,0.5434782608695652,0.3517075332264097,0.08412098298676748
271,46,8.255886761515002e-05,6.832900068146303e-05,0.5652173913043478,0.12342436057828336,0.13657844990548204
272,46,3.827074071279993e-05,9.132499497828698e-05,0.6739130434782609,0.013332449924636832,0.1280718336483932
273,46,4.969170533970004e-05,5.865146295204132e-05,0.6086956521739131,0.2604242061428358,0.05907372400756144
274,46,3.536327035790003e-05,0.00010311083992976956,0.5434782608695652,0.2613522070430846,0.08506616257088846
275,46,0.0001627707896849,7.569445058279132e-05,0.5652173913043478,0.2512960651825218,0.12523629489603025
276,46,3.878809530049996e-05,0.0002589161045616848,0.5652173913043478,0.05800803545387496,0.07703213610586011
278,46,3.921687943409999e-05,0.0001277864018277413,0.6086956521739131,0.11067555197754968,0.10586011342155009
279,46,9.739401435219998e-05,0.0001240522574109152,0.6086956521739131,0.1492450783282673,0.09640831758034027
280,46,0.00010707370736750009,0.0002231000658524978,0.6521739130434783,0.016975877414014177,0.1502835538752363
281,46,1.4762221116750051e-05,3.73869295675326e-05,0.5434782608695652,0.40633562620664365,0.0671077504725898
282,46,6.801926032145005e-05,0.0001272964370186565,0.6086956521739131,0.07857334082247759,0.09310018903591682
283,46,6.11364812757e-05,0.0001823786166242413,0.5869565217391305,0.0862815053195483,0.12051039697542533
284,46,6.0693702923749924e-05,4.5665092496741295e-05,0.5869565217391305,0.3281340184182002,0.10775047258979206
285,46,4.391828343300005e-06,1.171154224882392e-05,0.5434782608695652,0.6190578141868999,0.028827977315689982
286,46,7.075187488955e-05,2.6099862408813076e-05,0.6304347826086957,0.15870930417792006,0.05387523629489603
287,46,4.6652784223499995e-05,2.7700090632739133e-05,0.5652173913043478,0.3816680142494665,0.07608695652173914
288,46,4.396025126900008e-06,1.27421018172e-05,0.5,0.666038772729913,0.022684310018903593
289,46,5.161421684500003e-05,5.687181408880872e-05,0.5652173913043478,0.2190119862977966,0.09310018903591682
290,46,5.709543281994997e-05,4.449242758212391e-05,0.5652173913043478,0.20010609702931204,0.10822306238185256
291,46,3.0819882248550004e-05,0.00011010291267029997,0.6304347826086957,0.034965781974662484,0.09357277882797732
292,46,0.00012766832197079995,9.000681243084565e-05,0.6521739130434783,0.06659861103300116,0.15170132325141777
293,46,4.5882313579500005e-05,6.872694376274567e-05,0.5217391304347826,0.2589594059859984,0.13610586011342155
294,46,0.00010819756282440002,0.00019853172074038258,0.6086956521739131,0.033128100396614166,0.1219281663516068
295,46,7.979406939739999e-05,0.00017925815669947613,0.6521739130434783,0.01125175620461333,0.12003780718336483
296,46,5.026136037075002e-05,1.2790295030389118e-05,0.5434782608695652,0.7265966482847377,0.024102079395085067
297,46,0.00010900908787659996,0.00018103697971802394,0.6739130434782609,0.01528632843282479,0.1280718336483932
298,46,0.00010697166144325003,5.042767720808478e-05,0.5869565217391305,0.2050156492518469,0.12523629489603025
299,46,2.7966055148399935e-05,4.31649981636674e-05,0.5652173913043478,0.41566521253775346,0.09026465028355388
300,46,0.00014538510306534997,9.692340204358913e-05,0.6304347826086957,0.15234462507008228,0.16351606805293006
301,46,9.337018270415e-05,0.0002223099588192304,0.6521739130434783,0.11403356573317724,0.09546313799621928
302,46,4.2688722454950066e-05,7.849732847226304e-05,0.6086956521739131,0.08728010488896133,0.10066162570888469
303,46,5.3008745183700016e-05,0.00013549880335882828,0.5652173913043478,0.23583016672791624,0.0831758034026465
304,46,2.5861710408299965e-05,4.53624038467065e-05,0.5217391304347826,0.581095741220812,0.07514177693761814
306,46,2.3435210351350035e-05,0.00010584054240171304,0.5434782608695652,0.33357460027982244,0.09168241965973535
307,46,7.219137412325e-05,8.665553559019129e-05,0.5434782608695652,0.1861616462008573,0.0940453686200378
308,46,0.0,1.2307562283808694e-05,0.5,0.7021460230070665,0.0165406427221172
310,46,2.21049625058e-05,5.8562132551880434e-05,0.5434782608695652,0.21490273461469245,0.10302457466918714
311,46,6.920423850520003e-05,6.462689988063912e-05,0.5869565217391305,0.10469833894561537,0.15170132325141777
312,46,8.217008494644995e-05,0.00014566515058710654,0.6304347826086957,0.062474197521271445,0.13705103969754254
313,46,4.951260358309993e-05,0.0001400875740569869,0.6086956521739131,0.09459935887667045,0.12145557655954631
314,46,3.556067314989999e-05,0.00010616664737543261,0.5652173913043478,0.1118995038631883,0.10775047258979206
316,46,-4.420013258950024e-06,2.507877088336738e-05,0.4782608695652174,0.7348230008339989,0.0330812854442344
319,46,0.00010308646362269997,0.00011054582574209568,0.6739130434782609,0.017225638447061774,0.1715500945179584
321,46,4.9167564740699977e-05,0.00017133667920691306,0.5869565217391305,0.12896401752659636,0.09688090737240075
322,46,4.9443206163750006e-05,3.094942380715e-05,0.5434782608695652,0.37911291498145094,0.07986767485822306
323,46,8.310915353010003e-05,0.00011437187471433262,0.5869565217391305,0.032428117043569536,0.14933837429111532
325,46,8.550313155210001e-05,8.909246840895649e-05,0.6086956521739131,0.14466850083845734,0.14792060491493383
326,46,7.542201203765002e-05,6.638808817448261e-05,0.5869565217391305,0.13301227848262462,0.10160680529300567
327,46,0.00011994241580399995,0.00010175549514675005,0.6304347826086957,0.0935141379167307,0.1327977315689981
328,46,3.914312828670006e-05,5.1666360470441314e-05,0.6086956521739131,0.30697811058938673,0.08742911153119093
329,46,8.404448226894995e-05,3.84963475228674e-05,0.5652173913043478,0.43146937331910185,0.08270321361058601
330,46,-4.450691202100032e-06,2.3414505889330453e-05,0.5,0.8227675184348092,0.05151228733459357
331,46,0.00011059905151614998,0.00015163506857393912,0.5869565217391305,0.11067555197754968,0.08742911153119093
332,46,0.00010135403697630001,0.00022074998664693043,0.6086956521739131,0.04985658647455366,0.1285444234404537
333,46,0.00010587064914019997,0.00025572980743000654,0.6086956521739131,0.0688958902938323,0.15831758034026466
334,46,4.0455012690200024e-05,4.512412877944782e-05,0.5869565217391305,0.18076015191058858,0.11909262759924386
335,46,3.400078239409999e-05,4.746612060113914e-05,0.5217391304347826,0.5121094199458438,0.06049149338374291
336,46,2.668471569515008e-05,2.8811758250534778e-05,0.5434782608695652,0.43468192279464835,0.07088846880907372
337,46,5.863531097145e-05,2.1924507580543482e-05,0.5652173913043478,0.5406169740106831,0.027882797731568997
338,46,0.00011647723186979995,0.00019051751960215432,0.6086956521739131,0.05312993922337116,0.13185255198487714
339,46,0.00010299677521804991,7.400174935130652e-05,0.5869565217391305,0.17896737371628357,0.138468809073724
341,46,4.4004612764199944e-05,0.0002336708712581869,0.5652173913043478,0.19920913152607478,0.06332703213610585
342,46,8.287208959740003e-05,0.00011735923247326088,0.6086956521739131,0.11691077213055828,0.11483931947069943
343,46,4.0177789345300025e-05,4.278219940542826e-05,0.5869565217391305,0.42827398058816923,0.07703213610586011
344,46,8.407830119805003e-05,0.00016148677529878694,0.6739130434782609,0.02208318160842727,0.0831758034026465
345,46,9.182402839554997e-05,7.636977396716957e-05,0.5869565217391305,0.17374452428147413,0.16257088846880907
346,46,7.260025642469997e-05,0.00013698708543671956,0.6304347826086957,0.06403930648202505,0.09640831758034027
347,46,6.95306183003e-05,0.00012401020544206738,0.6086956521739131,0.07949441650921779,0.11483931947069943
348,46,2.2171225378999617e-06,5.6649087452702204e-05,0.5,0.4125251260077606,0.0666351606805293
350,46,3.7076497608849995e-05,4.858633208394783e-05,0.5652173913043478,0.1372921882032086,0.0945179584120983
351,46,7.648577291080003e-05,6.481465789723912e-05,0.6086956521739131,0.19541865293852123,0.09120982986767485
352,46,8.040247710410008e-05,0.00028271163490848706,0.5869565217391305,0.03430085521289214,0.08790170132325142
353,46,1.7551094951649986e-05,6.270065080541738e-05,0.5434782608695652,0.3732129769938972,0.06474480151228733
354,46,4.132614084135009e-05,9.99463732303739e-05,0.5434782608695652,0.2535639279281757,0.07466918714555766
355,46,4.963212365179998e-05,8.926800756573044e-05,0.6304347826086957,0.07141841847788165,0.08601134215500945
356,46,5.5103459419700014e-05,7.9732309977687e-05,0.6521739130434783,0.03789904666946494,0.13610586011342155
357,46,0.00010408437387170004,0.0001437463386978848,0.5869565217391305,0.051147829142520876,0.10396975425330812
358,46,0.00014982289182299997,0.00011811909719438263,0.5652173913043478,0.06888139962612712,0.0997164461247637
359,46,0.0001130251807169001,0.00014511161309426084,0.6304347826086957,0.019099661413834294,0.11058601134215501
360,46,5.339890851139992e-05,6.168605796042173e-05,0.5652173913043478,0.18797739641268707,0.10349716446124764
361,46,1.4829985919300034e-05,6.483282974728694e-05,0.5217391304347826,0.46750277455420364,0.08081285444234404
362,46,4.3872690355449973e-05,0.0001113666915326065,0.5652173913043478,0.17032030975520718,0.06805293005671077
363,46,3.5355957049550005e-05,4.333026257957391e-05,0.6086956521739131,0.1416835421036413,0.07939508506616257
364,46,4.456648566900068e-06,3.781692370802827e-05,0.5,0.5811098464720198,0.08175803402646503
365,46,1.774476202805002e-05,5.101619083064566e-05,0.5434782608695652,0.4250992629532522,0.07183364839319471
366,46,7.488520393830007e-05,0.00021410656569506524,0.5869565217391305,0.041116504553714066,0.09735349716446125
368,46,7.535821252185003e-05,0.00012376606685709674,0.5652173913043478,0.12610214060819006,0.1275992438563327
371,46,5.1274018648949976e-05,6.350334980504778e-05,0.5869565217391305,0.2089203082728711,0.10727788279773157
372,46,3.209722356525e-05,3.780621589893043e-05,0.5434782608695652,0.30956844486377055,0.08742911153119093
373,46,1.0285813564299981e-05,9.31473054452326e-05,0.5434782608695652,0.3635207251171878,0.08553875236294896
374,46,2.1628952287849993e-05,5.8492210100210865e-05,0.5434782608695652,0.2810280917455178,0.05860113421550094
375,46,7.858105760310001e-05,6.733216953758694e-05,0.6086956521739131,0.13021213891943237,0.1824196597353497
376,46,5.759839750530001e-05,0.0002461898060594978,0.5652173913043478,0.24680278910282483,0.06852551984877127
377,46,6.476178784949998e-05,3.938822176016522e-05,0.6086956521739131,0.3473995665808227,0.07041587901701324
378,46,0.00016593903715865,0.00010107078777239131,0.6521739130434783,0.06888553979301247,0.10680529300567108
379,46,4.5454970491249974e-05,0.00013266731219151957,0.6304347826086957,0.0680523639604987,0.14555765595463138
380,46,5.8214244351500034e-05,3.606752095693479e-05,0.5434782608695652,0.3177734768183421,0.10207939508506617
382,46,6.724618566059998e-05,0.0001028452175341654,0.5869565217391305,0.1973139015843901,0.13610586011342155
383,46,9.265331628249997e-05,7.666964460962067e-05,0.5869565217391305,0.19729050014822802,0.17296786389413987
384,46,3.230840896095e-05,3.2851139151056516e-05,0.5434782608695652,0.3254425956295768,0.07703213610586011
385,46,4.75863593284e-05,8.557139479766302e-05,0.5652173913043478,0.23368536747834578,0.0831758034026465
386,46,2.3630841481900018e-05,6.90945256370891e-05,0.5217391304347826,0.44111732423109073,0.08695652173913043
387,46,0.00011177462241965,7.465496091239564e-05,0.6521739130434783,0.07491972106051435,0.1110586011342155
388,46,0.00010204312711834993,0.0001471869288330609,0.6086956521739131,0.07673104448671283,0.21502835538752363
389,46,7.317687424300003e-06,4.336525199743697e-05,0.5217391304347826,0.5442408488438291,0.07892249527410208
390,46,6.056115546849999e-05,7.76762646226304e-05,0.6521739130434783,0.04157956223253964,0.12287334593572778
392,46,2.9246629152800032e-05,3.061359116756957e-05,0.5434782608695652,0.36159862774691454,0.08553875236294896
394,46,5.743952948895003e-05,4.972329392207825e-05,0.6086956521739131,0.18981948221872558,0.1053875236294896
395,46,2.448585417649991e-05,0.00016101304109955215,0.5434782608695652,0.25812089438919017,0.06190926275992439
396,46,3.6576978268500248e-06,1.9719762197156517e-05,0.5217391304347826,0.8526456589545424,0.04111531190926276
397,46,5.525421402665005e-05,0.00011057164797783042,0.6739130434782609,0.03196975810646508,0.11578449905482041
398,46,3.58781549342e-05,0.00015532344092583912,0.6304347826086957,0.06561235260806957,0.11814744801512288
399,46,3.218113121470002e-05,0.0002202435916930587,0.6086956521739131,0.0978525756680445,0.06427221172022685
400,46,3.537749069139996e-05,5.17203532390652e-05,0.5652173913043478,0.2721865785469527,0.07466918714555766
401,46,3.5033116410399944e-05,3.214542293831959e-05,0.5434782608695652,0.5406290573502013,0.07041587901701324
402,46,0.00010774964459410008,0.00010328948956182608,0.6086956521739131,0.07142687142940624,0.1280718336483932
403,46,9.298518327330006e-05,6.176552029019784e-05,0.5652173913043478,0.2917030437193463,0.10680529300567108
404,46,5.128546339175003e-05,7.46665380065e-05,0.6304347826086957,0.1686146125393292,0.08175803402646503
405,46,0.00010418837525995003,0.0002060798849292715,0.6304347826086957,0.03313072210255785,0.1389413988657845
406,46,2.662415935380006e-05,6.344138454726943e-05,0.6086956521739131,0.1445965313519736,0.12429111531190926
407,46,6.069850897280003e-05,3.297242210830001e-05,0.5434782608695652,0.4912292322539732,0.055765595463137994
408,46,2.1896143263249986e-05,2.9639127257808693e-05,0.5652173913043478,0.4063076113240742,0.04725897920604915
409,46,4.547880543850002e-05,4.095006043695861e-05,0.6521739130434783,0.23581968101361106,0.08506616257088846
410,46,2.8034622862850025e-05,7.48979912867152e-05,0.6521739130434783,0.08728954283500691,0.11153119092627599
411,46,0.00013819802073964998,0.0001541127164299565,0.6739130434782609,0.034972576279464145,0.19139886578449905
412,46,2.2713260403049978e-05,2.1630159626526103e-05,0.5217391304347826,0.8270248448090072,0.04914933837429111
413,46,4.0319390087799984e-05,0.00012293843016328258,0.5434782608695652,0.158696874067774,0.11294896030245746
414,46,3.2195666673750004e-05,2.7041814893995656e-05,0.5652173913043478,0.2842959874383718,0.07041587901701324
415,46,2.959163773599957e-06,0.00010263795218887827,0.5,0.26275597934047734,0.09357277882797732
416,46,3.8554946304e-05,5.1804179523857843e-05,0.5217391304347826,0.6229492338845453,0.07703213610586011
417,46,7.492020833515004e-05,6.82457311219913e-05,0.6304347826086957,0.1492450783282673,0.09120982986767485
418,46,6.27611168494001e-05,0.00011778544128927174,0.6956521739130435,0.012606793005673867,0.11247637051039698
419,46,0.00013339345486419998,0.00010259052180861522,0.6304347826086957,0.05657719283038366,0.15926275992438563
420,46,9.804133824940005e-05,7.15934278323326e-05,0.5434782608695652,0.5051026799419664,0.11294896030245746
421,46,0.0001194470633226,9.078746197793479e-05,0.6086956521739131,0.12078848872131619,0.1446124763705104
422,46,7.934932650724999e-05,8.766211309364785e-05,0.5869565217391305,0.1973072156266128,0.1715500945179584
423,46,3.115401012249993e-05,3.105725853808912e-05,0.5217391304347826,0.364455708949158,0.06994328922495274
424,46,0.00011283051470404996,0.0001700417258740826,0.6086956521739131,0.03223751433247144,0.18525519848771266
425,46,7.406703505880003e-05,9.850915662817605e-05,0.6086956521739131,0.07493708899315854,0.15170132325141777
426,46,8.087975893584999e-05,0.00011327724691525217,0.6739130434782609,0.08527821578930692,0.14886578449905483
427,46,7.189877085535002e-05,0.00022217166770528043,0.5869565217391305,0.05587469040193803,0.1323251417769376
428,46,5.434569839449997e-05,0.00012584638198827607,0.6304347826086957,0.06971037786964365,0.1885633270321361
429,46,5.9040207047800024e-05,8.961918385025869e-05,0.6086956521739131,0.20894068988363812,0.10822306238185256
430,46,4.075073865340004e-05,5.1128255950258704e-05,0.6304347826086957,0.11689711918443188,0.11436672967863894
432,46,3.532212701850006e-05,7.022832319338048e-05,0.5217391304347826,0.3444843395387549,0.08790170132325142
433,46,6.848529158210006e-05,0.00018141316599948917,0.6304347826086957,0.04325031070538566,0.15359168241965973
434,46,1.3375801546850038e-05,6.096651574546955e-05,0.5434782608695652,0.45421263109855836,0.10113421550094517
435,46,4.877526028054997e-05,0.00012367323901142174,0.5652173913043478,0.17198663401410486,0.08128544423440454
436,46,0.0001004236928975,0.00013885309200195212,0.6521739130434783,0.09245830202655728,0.10869565217391304
438,46,8.043696289339992e-05,4.501518106881087e-05,0.6086956521739131,0.07316050144709856,0.07750472589792061
439,46,5.8553956122249983e-05,3.1695511031408685e-05,0.5652173913043478,0.28427802219718845,0.0666351606805293
440,46,9.819772263335003e-05,0.00010644333293092394,0.6739130434782609,0.021147547418798512,0.16965973534971646
441,46,4.843768415000002e-05,0.00022336217987496739,0.6086956521739131,0.06248202125943133,0.12287334593572778
442,46,6.205468344765006e-05,5.9099698521559704e-05,0.5434782608695652,0.32543537614663787,0.0945179584120983
443,46,8.622959417149998e-05,0.00013344902336357827,0.5652173913043478,0.12079680456029969,0.11767485822306238
444,46,0.00010428213345639999,0.00012704931973587177,0.5652173913043478,0.12342458759121398,0.13137996219281664
445,46,1.9910299379350023e-05,3.3504449035915205e-05,0.5217391304347826,0.599974278981946,0.055765595463137994
446,46,6.257197148919999e-05,7.579050050448045e-05,0.5869565217391305,0.17684255885494182,0.10586011342155009
447,46,0.00010887966559979998,0.00011503051331627176,0.5869565217391305,0.03775483637793718,0.1290170132325142
448,46,7.81636059746001e-05,0.00022740543772674344,0.5869565217391305,0.054985503647297804,0.11011342155009451
449,46,4.6814986116300056e-05,0.00010367992849091957,0.6739130434782609,0.05587834974643182,0.12145557655954631
451,46,5.2799675112150015e-05,4.8654773080415214e-05,0.5869565217391305,0.10824890535361845,0.06521739130434782
452,46,0.00012263891016250006,8.287280990541609e-05,0.5869565217391305,0.0935239233224735,0.13705103969754254
453,46,2.7814142586050038e-05,2.870521351572827e-05,0.5652173913043478,0.4250716243371164,0.04773156899810964
454,46,3.6978598118499076e-06,4.4631560162493485e-05,0.5,0.46748948776416865,0.07939508506616257
455,46,4.451230329180001e-05,6.0543183535195654e-05,0.5869565217391305,0.4541924285905752,0.08742911153119093
456,46,0.00013696496959060003,7.66990813317152e-05,0.6304347826086957,0.09786008776715571,0.1285444234404537
457,46,6.492342902195001e-05,0.0001939362904474272,0.5434782608695652,0.18981948221872558,0.14224952741020794
458,46,7.240330804565004e-05,0.0001871114770923891,0.6304347826086957,0.014387186551739477,0.11153119092627599
459,46,5.487005673300002e-05,0.00013343546699039785,0.5652173913043478,0.2050156492518469,0.0666351606805293
460,46,5.0024579930900035e-05,1.688809348053914e-05,0.5652173913043478,0.4912292322539732,0.012287334593572778
461,46,8.365108885385002e-05,0.0001458020132772891,0.6086956521739131,0.05448429503929061,0.0949905482041588
462,46,7.192283213155e-05,0.00015048273129220218,0.6521739130434783,0.07729518832569254,0.08790170132325142
463,46,3.350455198689999e-05,9.722020283549349e-05,0.5217391304347826,0.22280467560959483,0.0945179584120983
464,46,3.3814647178000005e-05,0.00014881001631500434,0.5217391304347826,0.3546378628302227,0.10680529300567108
465,46,2.3523026228100053e-05,2.9531625318900002e-05,0.5434782608695652,0.5588437259338586,0.0609640831758034
466,46,5.4427909475749986e-05,4.895953549205e-05,0.5869565217391305,0.30183352730638435,0.09120982986767485
467,46,8.233926948005e-05,7.827984120985872e-05,0.6304347826086957,0.05873277215442775,0.16398865784499056
468,46,0.0001414978396886001,6.699291311571738e-05,0.6304347826086957,0.15390654949873378,0.11956521739130435
469,46,2.0545567461599968e-05,9.341214523011521e-05,0.5652173913043478,0.13874612771174435,0.1053875236294896
470,46,5.265129144609997e-05,0.0001511816973588826,0.5869565217391305,0.09245343822664301,0.12381852551984877
471,46,6.276766690224998e-05,5.3882456218419586e-05,0.6086956521739131,0.2512748449324069,0.07608695652173914
472,46,4.549388946514999e-05,9.491186617036304e-05,0.5869565217391305,0.2842959874383718,0.07419659735349717
473,46,4.1171442860350065e-05,0.0001845362885348891,0.6304347826086957,0.027696308425606744,0.0666351606805293
474,46,5.692524495500001e-05,0.00020262944336363917,0.6521739130434783,0.16031430244530775,0.09735349716446125
475,46,9.329239100195003e-05,9.280564809231738e-05,0.6304347826086957,0.07055807291680917,0.12145557655954631
477,46,3.3627944221349974e-05,4.319506256797606e-05,0.6304347826086957,0.07404014015276425,0.0949905482041588
478,46,4.5824780897949955e-05,0.00019213630083321742,0.5869565217391305,0.09258067739015739,0.07419659735349717
479,46,2.3194016472750012e-05,3.535826967718044e-05,0.5869565217391305,0.1407251845652555,0.0997164461247637
480,46,-1.3204990011250013e-05,1.0142963341997824e-05,0.4782608695652174,0.8612197911549694,0.023156899810964082
481,46,-1.4752702391e-06,5.464914103086957e-05,0.5,0.39409702602965424,0.08979206049149338
482,46,4.0871493953800004e-05,7.666578368962826e-05,0.5652173913043478,0.21694016306463548,0.09215500945179585
483,46,1.4793465316999591e-06,4.759636666985434e-05,0.5,0.4251061719979645,0.06427221172022685
484,46,0.00010636725287135,0.0001183142993896,0.6304347826086957,0.044972585979139376,0.19092627599243855
485,46,1.738984016125001e-05,0.00023073041547360215,0.5869565217391305,0.2535533024337978,0.07372400756143667
487,46,0.00011819521128559994,0.0002238463453271131,0.6521739130434783,0.003788097993457146,0.1389413988657845
489,46,6.599015056350029e-06,2.1135975760615214e-05,0.5217391304347826,0.5873325646719214,0.08553875236294896
490,46,8.369278720589998e-05,5.1748483662908714e-05,0.5652173913043478,0.3761558282585107,0.08601134215500945
491,46,7.335580491894995e-05,9.025953387855221e-05,0.5869565217391305,0.058006163995547616,0.14933837429111532
492,46,8.755159789175005e-05,0.0002155885514779392,0.5652173913043478,0.04054323720776054,0.14508506616257089
493,46,6.038231305674995e-05,3.781098182398041e-05,0.5869565217391305,0.21899135947744985,0.1219281663516068
495,46,1.0298061916500032e-05,0.0001451323135914522,0.5217391304347826,0.33083987871993903,0.09168241965973535
496,46,1.4842455440250012e-05,0.00010209028046302823,0.5869565217391305,0.24681689140481577,0.0945179584120983
497,46,9.662917658900003e-05,9.094130532502174e-05,0.6521739130434783,0.036410048610954135,0.11578449905482041
498,46,5.3917371065099985e-05,0.00015179714891310652,0.5434782608695652,0.18983600403756284,0.07608695652173914
499,46,2.3337841861399992e-05,6.487666365296954e-05,0.5869565217391305,0.22727199821142996,0.07372400756143667
500,46,5.249809847879998e-05,5.443190524659566e-05,0.5869565217391305,0.22940277362510797,0.05103969754253308
501,46,7.389658111244999e-05,5.0570964639554364e-05,0.5434782608695652,0.3850377987837249,0.11389413988657845
502,46,2.9674649678999984e-06,9.560398005240433e-05,0.5,0.4035382711112858,0.06805293005671077
503,46,1.7758017108799934e-05,6.865146469178695e-05,0.5869565217391305,0.1387520192374982,0.1323251417769376
504,46,3.295759088514996e-05,0.00014170171926472606,0.6304347826086957,0.050836743705867125,0.10396975425330812
505,46,8.319114237419998e-05,4.2855064414073924e-05,0.6304347826086957,0.2189982352370159,0.07183364839319471
508,46,5.861202202209995e-05,0.00012509489345165217,0.6304347826086957,0.0373937438648935,0.13657844990548204
509,46,6.368158976470002e-05,2.9490564319784767e-05,0.5652173913043478,0.54063509866489,0.07514177693761814
510,46,7.86381120645e-05,0.000260385858184531,0.5652173913043478,0.13586168485891778,0.10444234404536862
511,46,1.2545325003299971e-05,0.00015866146327841307,0.5217391304347826,0.5699394835353875,0.08648393194706994
512,46,0.00010268222836859995,7.564044897210869e-05,0.6304347826086957,0.1372921882032086,0.15075614366729678
514,46,3.6488375162999943e-06,3.5441317440115225e-05,0.5,0.46749613128171463,0.05245746691871456
515,46,3.457581259920002e-05,6.854390971362176e-05,0.6304347826086957,0.14020004133867037,0.11720226843100189
516,46,0.00018385572096570003,0.00013018815865723695,0.6304347826086957,0.12079126067990734,0.19328922495274103
517,46,0.00011047165112470001,0.00016282238395993264,0.6086956521739131,0.1288421573036058,0.08506616257088846
518,46,8.799470431394997e-05,0.00010760221994921088,0.5869565217391305,0.06972288451138087,0.14697542533081284
520,46,6.582734196524997e-05,0.00021462257532520217,0.6739130434782609,0.04985658647455366,0.12618147448015124
521,46,0.000142245210675,7.495575299835219e-05,0.5869565217391305,0.3502135218803407,0.13610586011342155
523,46,3.3596497999299996e-05,3.708951764022393e-05,0.5434782608695652,0.32544981489349967,0.08742911153119093
524,46,5.369316827054995e-05,7.79783029531674e-05,0.6304347826086957,0.15078267618793878,0.16304347826086957
525,46,0.00011986243892570002,0.00016761198660641307,0.5869565217391305,0.0295144209328063,0.1323251417769376
527,46,6.862798793180004e-05,9.70224569919609e-05,0.5869565217391305,0.16195984062251645,0.12948960302457466
529,46,4.7410244320499984e-05,7.333772168342609e-05,0.6739130434782609,0.04439164628692068,0.12334593572778828
530,46,0.00013168841360970007,0.00018672477796904133,0.6086956521739131,0.04050131576214339,0.13137996219281664
531,46,4.822085242705003e-05,3.113072159318913e-05,0.5652173913043478,0.4163545423814041,0.06758034026465029
532,46,0.0001229909124281,0.00015873594210110434,0.5869565217391305,0.1684701617198191,0.08553875236294896
533,46,8.742672936335003e-05,4.034342681254564e-05,0.6086956521739131,0.25128899194354914,0.06049149338374291
534,46,9.478266481909993e-05,0.00010462191684612174,0.6304347826086957,0.03995335849040026,0.13090737240075614
535,46,0.00013847912330620002,9.790256242992826e-05,0.6304347826086957,0.095659914231288,0.10822306238185256
536,46,0.0,3.43691731149239e-05,0.5,0.5442528639788389,0.06190926275992439
538,46,2.0184723268949962e-05,5.236326761065868e-05,0.5217391304347826,0.3587344100090152,0.06758034026465029
539,46,2.958919682854999e-05,5.9885961407241293e-05,0.5434782608695652,0.2745647473669234,0.1290170132325142
540,46,0.00014479747070775002,0.0001981301728042732,0.6304347826086957,0.03267371473569551,0.11483931947069943
541,46,4.700483951420003e-05,4.0107390237630425e-05,0.5652173913043478,0.484389287647054,0.07277882797731569
542,46,9.928599551354991e-05,9.329404380494129e-05,0.5869565217391305,0.075823168368946,0.11814744801512288
544,46,7.660569718564997e-05,8.134551456998913e-05,0.5869565217391305,0.367384355401152,0.0723062381852552
545,46,5.4613315103099985e-05,6.943784599465216e-05,0.5869565217391305,0.1898128732701181,0.09688090737240075
546,46,5.4437955247100015e-05,0.00013795000057638263,0.5434782608695652,0.31219487894894704,0.11625708884688091
547,46,8.383698204609999e-05,0.00010605921794324349,0.6086956521739131,0.1973139015843901,0.09168241965973535
548,46,8.064144183599965e-06,6.317444178539565e-05,0.5217391304347826,0.3850448912223735,0.07325141776937619
549,46,7.59498671885e-05,4.170991017831304e-05,0.5434782608695652,0.4708271685701183,0.07325141776937619
551,46,4.691235676099995e-05,4.774097175820432e-05,0.5869565217391305,0.24904235927912022,0.09215500945179585
552,46,2.9802100329000096e-06,2.0991044579669555e-05,0.5,0.6981050576947208,0.036389413988657845
553,46,6.652131176530004e-05,4.669346183329565e-05,0.5217391304347826,0.4314762469533353,0.06899810964083176
554,46,4.683019708160005e-05,4.8866292606854344e-05,0.5869565217391305,0.12078571675046232,0.11200378071833648
555,46,7.748423687749999e-05,0.00018843268040627826,0.6304347826086957,0.06562845527754962,0.10160680529300567
556,46,9.653887295350003e-05,0.00018888040360487608,0.5869565217391305,0.1685955496681748,0.07750472589792061
557,46,0.00020885142434,9.236162368322996e-05,0.6086956521739131,0.12883645045619876,0.14603024574669188
558,46,6.632948531815004e-05,3.652928176938913e-05,0.6304347826086957,0.2627417350388739,0.0666351606805293
559,46,3.846289652165006e-05,1.7301871512234784e-05,0.5434782608695652,0.9346883510091012,0.01984877126654064
560,46,3.8089270996399956e-05,0.0001046499535904761,0.6086956521739131,0.11067023064686721,0.07372400756143667
561,46,4.264434871785e-05,4.897386974206085e-05,0.6304347826086957,0.06247810937662332,0.13988657844990549
562,46,4.201989710044999e-05,0.00012214937288263042,0.6086956521739131,0.10237630906915256,0.12948960302457466
564,46,2.9290467709499994e-06,6.876892418919564e-06,0.5,0.8169880549150766,0.01606805293005671
565,46,2.3458369702000043e-05,7.206436670667174e-05,0.5869565217391305,0.29422124310444797,0.055765595463137994
566,46,8.076736155615002e-05,0.00013190938258908044,0.5869565217391305,0.14317303715606036,0.09735349716446125
569,46,6.824917377719992e-05,0.0001654623163874821,0.5652173913043478,0.13301806527164015,0.16587901701323252
570,46,0.00013507614068039998,0.0002262517244691609,0.6304347826086957,0.03690684243549877,0.1498109640831758
571,46,7.892361319890003e-05,0.00014771170602323052,0.6304347826086957,0.053126390392602134,0.08364839319470699
572,46,4.5854677172700033e-05,0.00015061943048924346,0.5652173913043478,0.10586449094509508,0.06379962192816635
573,46,4.1274344881000004e-05,2.0861489532230405e-05,0.5652173913043478,0.4393837685523153,0.05387523629489603
574,46,8.378030128375e-05,5.3137544254300004e-05,0.5434782608695652,0.21092014258562108,0.10396975425330812
575,46,2.2041480506799973e-05,3.855661879931739e-05,0.5217391304347826,0.2558317804590806,0.0723062381852552
576,46,5.728346207120008e-05,7.960293809564132e-05,0.5217391304347826,0.40633212455760526,0.05387523629489603
577,46,7.690070895245005e-05,3.8020474736791306e-05,0.6304347826086957,0.339065669561876,0.10302457466918714
578,46,2.064198927625001e-05,0.00010933202705176953,0.5652173913043478,0.18798727980612784,0.09877126654064272
579,46,4.852381384624999e-05,5.611254787410218e-05,0.5869565217391305,0.15657709551091803,0.06143667296786389
581,46,6.470945510109996e-05,0.0001874342837413239,0.5652173913043478,0.18435242398783513,0.06899810964083176
583,46,7.204717720355001e-05,3.4936807756654335e-05,0.6086956521739131,0.2745575855646353,0.0883742911153119
584,46,0.00011592476511790002,0.00010250603171921895,0.6739130434782609,0.032676312559701416,0.1838374291115312
585,46,2.632714080794997e-05,9.030082112858262e-05,0.5869565217391305,0.09351903062643813,0.09262759924385633
586,46,4.257945460174996e-05,7.060401317771306e-05,0.5869565217391305,0.12919599931502196,0.12996219281663515
587,46,7.573968490905001e-05,8.315699470167171e-05,0.6521739130434783,0.046742529527607456,0.194234404536862
588,46,7.235040864929994e-05,4.115049861952827e-05,0.5652173913043478,0.2674266572296905,0.0883742911153119
589,46,8.873084383654998e-05,0.00012230381493229998,0.5652173913043478,0.2336818789761298,0.11294896030245746
590,46,5.596228978774995e-05,6.146887665477175e-05,0.6304347826086957,0.11948581230487615,0.08790170132325142
591,46,0.00026848992751105,0.0002558517023928425,0.717391304347826,0.0010464381414272647,0.22353497164461247
593,46,2.1727644836000003e-05,2.0719985945056523e-05,0.6086956521739131,0.44438105832923824,0.06332703213610585
594,46,9.581572250100002e-05,0.00014757786221574566,0.5434782608695652,0.19921248386840062,0.16776937618147447
595,46,3.367191090415e-05,6.0564883223578263e-05,0.5652173913043478,0.22730667768050483,0.09026465028355388
596,46,0.00013688941973995,9.42893805628739e-05,0.6086956521739131,0.19354340528034253,0.11862003780718336
597,46,0.00010045749478909997,0.00010692818688495656,0.5869565217391305,0.17548872406738492,0.138468809073724
598,46,4.2661212363250076e-05,3.856778269110653e-05,0.5652173913043478,0.26043487577448465,0.09073724007561437
599,46,6.984353223555003e-05,0.00011014274422291955,0.6086956521739131,0.10470092881762068,0.0661625708884688
600,46,8.985066977615e-05,0.00014460642363106304,0.5869565217391305,0.03690402661569675,0.11294896030245746
601,46,8.416049328345001e-05,0.0001697011929787696,0.5869565217391305,0.046152085801503547,0.08553875236294896
602,46,0.00018062009142455,0.00010344693373600002,0.6739130434782609,0.055867371820381054,0.1994328922495274
603,46,9.558901830550022e-06,0.00010815305984174132,0.5217391304347826,0.47084040893068246,0.04300567107750473
604,46,0.00016913432322575002,0.0001931220466831891,0.6304347826086957,0.006409856093955302,0.12996219281663515
605,46,4.692807372304997e-05,7.073216908972825e-05,0.5434782608695652,0.2674266572296905,0.07986767485822306
607,46,3.997432630060017e-05,8.857435264033696e-05,0.5652173913043478,0.163605425531821,0.11058601134215501
608,46,0.00015756108061430003,0.0002369044539305174,0.6086956521739131,0.024060800393852236,0.17438563327032136
609,46,6.459518976279996e-05,0.00010215869685280654,0.6086956521739131,0.13161076197092672,0.12996219281663515
610,46,5.739220266050006e-05,7.563715472035431e-05,0.6521739130434783,0.09367783624815174,0.14366729678638943
611,46,6.596539875659997e-05,0.00012899900201294564,0.5869565217391305,0.10351928023747164,0.15500945179584122
613,46,0.00011549023940904998,0.00010808701893409563,0.5652173913043478,0.24456325271049006,0.13610586011342155
614,46,5.540001829430004e-05,0.00017869316045773052,0.5652173913043478,0.19231047489502484,0.0723062381852552
615,46,7.832565063750006e-05,0.0001279297542405348,0.6086956521739131,0.05179338242980734,0.11342155009451796
616,46,7.847529387794997e-05,7.747745379990434e-05,0.6304347826086957,0.11564647551095938,0.08979206049149338
617,46,5.554643672490002e-05,8.989752259430868e-05,0.6304347826086957,0.09257548201470701,0.12287334593572778
618,46,1.9216900166700037e-05,6.423843383483044e-05,0.5,0.2735522686633929,0.07892249527410208
619,46,7.546334513379996e-05,0.00018286833635368033,0.5652173913043478,0.3174405297460521,0.054820415879017016
620,46,4.28125177173e-05,7.140768509793479e-05,0.6086956521739131,0.11561387500808125,0.11058601134215501
621,46,8.569481497240001e-05,0.00013766415928490432,0.6086956521739131,0.06642701256434931,0.1498109640831758
622,46,7.339161030630003e-05,0.0001594193413436196,0.6304347826086957,0.0688958902938323,0.11767485822306238
623,46,8.774751829470002e-05,0.00015584241374881305,0.6521739130434783,0.02582768977581951,0.10869565217391304
624,46,1.7603773229899963e-05,0.00010441078542466087,0.5217391304347826,0.18806875229062991,0.11294896030245746
625,46,7.768560196864997e-05,0.00016659781888005436,0.6086956521739131,0.03690402661569675,0.12570888468809074
626,46,3.698693188104995e-05,4.1714826651923895e-05,0.5869565217391305,0.447644731588403,0.1001890359168242
627,46,0.00015950948912254998,0.0002243777565897826,0.6739130434782609,0.003532570926805388,0.19612476370510398
628,46,0.00010925777904945003,0.00011850168044946523,0.6304347826086957,0.03790334482048344,0.11909262759924386
629,46,0.00012645593652689996,9.07183892474913e-05,0.5869565217391305,0.13180856595688434,0.11862003780718336
630,46,6.029708349820001e-05,8.97102949607239e-05,0.6086956521739131,0.13161076197092672,0.15689981096408318
631,46,7.337970703390006e-05,0.00015802160388634566,0.6086956521739131,0.01887558394402987,0.08790170132325142
633,46,3.2424512683449974e-05,6.561798614180651e-05,0.5217391304347826,0.20894068988363812,0.09688090737240075
635,46,-2.572736848189996e-05,4.829075003241046e-05,0.4782608695652174,0.8312808708458148,0.06947069943289225
636,46,7.258783547165002e-05,9.094412039575e-05,0.5652173913043478,0.07920354238630323,0.17391304347826086
637,46,0.00010414974749889996,0.00017388479582417608,0.5869565217391305,0.1954153193893602,0.12334593572778828
638,46,3.9624289133200006e-05,8.502313247965216e-05,0.6086956521739131,0.11819416870015131,0.10680529300567108
639,46,0.00015461766719429998,0.00020927035850387178,0.6304347826086957,0.029281405027108277,0.1446124763705104
640,46,0.0001002596189983,0.00014304944999663915,0.6521739130434783,0.04158564787266138,0.1110586011342155
641,46,5.0985113861049956e-05,0.00018465478193995216,0.6086956521739131,0.12079126067990734,0.10491493383742911
642,46,4.620353743374999e-05,8.352925631445002e-05,0.5652173913043478,0.2721901556182582,0.13516068052930058
643,46,0.00010705536914705011,8.558009419669346e-05,0.6304347826086957,0.04923142706406189,0.138468809073724
644,46,4.4241276944999904e-06,1.724768622910435e-05,0.5,0.734880919990275,0.046313799621928164
645,46,6.605013266870003e-05,0.00015596765627278478,0.6086956521739131,0.10771973087681454,0.12618147448015124
646,46,4.691057654634999e-05,8.524850017751305e-05,0.5652173913043478,0.1358529256919047,0.07750472589792061
648,46,3.107849888115002e-05,3.117501595851519e-05,0.5217391304347826,0.5050963250446372,0.06379962192816635
649,46,0.00010481774750585002,9.793332560665222e-05,0.6086956521739131,0.12078848872131619,0.1441398865784499
650,46,2.9331867906399968e-05,9.277797348640001e-05,0.5217391304347826,0.24681689140481577,0.09120982986767485
651,46,6.48756805543499e-05,0.00010910909911425434,0.6304347826086957,0.049224655941589986,0.06568998109640832
653,46,2.180538125960002e-05,0.00017491708010341302,0.5869565217391305,0.10238655446916027,0.0940453686200378
654,46,8.36657021377e-05,7.651806015490652e-05,0.6086956521739131,0.23366094709828455,0.12334593572778828
655,46,4.575273147295006e-05,0.00010818948844813043,0.5652173913043478,0.15235686195398343,0.13090737240075614
657,46,3.894114527345003e-05,2.357552519423695e-05,0.5869565217391305,0.37029152128580056,0.04300567107750473
660,46,0.00011262242180085005,9.580637369447175e-05,0.5869565217391305,0.13301806527164015,0.15548204158790171
661,46,-1.4785277308499746e-06,2.8349162143706525e-05,0.4782608695652174,0.9504955398870136,0.04206049149338374
662,46,8.789806127599989e-06,1.0828022041391306e-05,0.5434782608695652,0.9346893234628566,0.026465028355387523
663,46,1.1841731288150109e-05,5.769626141196087e-05,0.5217391304347826,0.5199408661797993,0.06049149338374291
664,46,6.0170392665099995e-05,5.7394770097963026e-05,0.5652173913043478,0.1973139015843901,0.0940453686200378
665,46,1.9096386316749987e-05,0.00021580832563428265,0.5434782608695652,0.15869998163055654,0.06143667296786389
666,46,9.729895187029998e-05,4.746368501967825e-05,0.5652173913043478,0.34460359560186726,0.10775047258979206
667,46,3.623806556300003e-05,3.282969382416087e-05,0.5869565217391305,0.599968837281603,0.09735349716446125
668,46,0.0001747164598875,0.00019555859512802396,0.6956521739130435,0.005336091795152063,0.20746691871455578
669,46,5.5829759392150044e-05,7.904957350997173e-05,0.6521739130434783,0.10705668396677828,0.0997164461247637
670,46,6.745206822465001e-05,8.441071675745437e-05,0.6304347826086957,0.08429359907126827,0.14603024574669188
671,46,0.00013147677202005005,0.00015776566723591304,0.6086956521739131,0.11949684503757015,0.16020793950850662
672,46,9.086868515254993e-05,0.00014522421701471734,0.6086956521739131,0.051140895564303394,0.14130434782608695
673,46,0.00014703395538550001,8.736800247536519e-05,0.6304347826086957,0.09246316581420944,0.138468809073724
674,46,5.1642119413499994e-05,0.00018344178939506953,0.5652173913043478,0.07949890333343071,0.07892249527410208
675,46,5.96093211291e-05,6.197705583841304e-05,0.6086956521739131,0.18076015191058858,0.11200378071833648
676,46,2.930183256095e-05,3.220016599913478e-05,0.5434782608695652,0.48779949301541903,0.07939508506616257
677,46,2.1966761771600063e-05,0.00018496650129429351,0.5869565217391305,0.2581279980466926,0.0666351606805293
678,46,3.527607119715e-05,0.0001692228922648,0.5652173913043478,0.3121696067538874,0.06758034026465029
679,46,6.590970293625002e-05,0.0002010405141732239,0.6521739130434783,0.04615533755619042,0.1441398865784499
680,46,8.64788799089e-05,0.00012213468927454782,0.5869565217391305,0.07763889163669814,0.1342155009451796
681,46,8.984711223125e-05,8.446781256808694e-05,0.5652173913043478,0.13874612771174435,0.14839319470699433
682,46,2.791136851874995e-05,0.00022817703440154567,0.5652173913043478,0.20500889042949022,0.09877126654064272
683,46,4.918689242279999e-05,9.218492025209566e-05,0.5869565217391305,0.06562040389603772,0.08364839319470699
684,46,1.6244268721800023e-05,3.659775957083045e-05,0.5434782608695652,0.5406290573502013,0.07325141776937619
685,46,0.0,0.00013000050441340868,0.5,0.4411377751605463,0.06899810964083176
686,46,5.278861637944993e-05,5.43725981324239e-05,0.5652173913043478,0.2990160572098314,0.07986767485822306
687,46,1.466792578360001e-05,1.4923020145184804e-05,0.5217391304347826,0.6267964458125654,0.024102079395085067
688,46,-2.976359598200033e-06,3.649275681181304e-05,0.5,0.7596641295514152,0.07136105860113422
689,46,8.840791650450031e-06,5.217988985020652e-05,0.5,0.4219522322770394,0.0893194706994329
690,46,0.00011631631579724999,0.00012887987738874132,0.7608695652173914,0.0005333532150086454,0.18147448015122875
692,46,0.0001478980132464999,0.0001617654817700739,0.6739130434782609,0.003067547371229748,0.20652173913043478
694,46,6.569766324380003e-05,9.056150219864999e-05,0.5869565217391305,0.23583016672791624,0.14130434782608695
695,46,5.8642500195199955e-05,9.985160495196305e-05,0.5869565217391305,0.15008491344189018,0.09026465028355388
696,46,4.3636656496099996e-05,0.00018944000657108908,0.6086956521739131,0.14167462738096392,0.06474480151228733
697,46,2.222624042000007e-06,1.7716568450989155e-05,0.5,0.662079225311913,0.05056710775047259
698,46,2.953017128345004e-05,0.00014562868164534352,0.5652173913043478,0.32276561278607707,0.08223062381852551
699,46,4.781250035699997e-05,0.00020724080422254132,0.6086956521739131,0.05587286074311871,0.11767485822306238
700,46,6.012242824989997e-05,0.00016602206061809783,0.5869565217391305,0.09786509580894973,0.12570888468809074
701,46,9.115703672505005e-05,5.3037993089286946e-05,0.5869565217391305,0.28183176375385366,0.09026465028355388
704,46,3.097057633529997e-05,5.6651147396106514e-05,0.6086956521739131,0.10122309244162088,0.13137996219281664
705,46,6.828790896045003e-05,6.422161570460653e-05,0.5869565217391305,0.18075364510669945,0.09829867674858223
706,46,7.922473220085e-05,8.152110125013478e-05,0.6086956521739131,0.18982609104100545,0.13610586011342155
707,46,3.5915805328349875e-05,4.0696081103856525e-05,0.6304347826086957,0.1686050812215969,0.08081285444234404
708,46,5.6436733910199906e-05,7.727785416833044e-05,0.6521739130434783,0.07316478563733034,0.13563327032136105
709,46,7.380004190690005e-05,0.00014548234348058477,0.6304347826086957,0.01386034208482106,0.14130434782608695
710,46,5.842113051295007e-05,3.3020638985573925e-05,0.6086956521739131,0.08044238416571475,0.07514177693761814
711,46,0.00010188043883650001,0.00018463020925900438,0.6086956521739131,0.025415758484015536,0.1271266540642722
712,46,5.3655384963200044e-05,3.869962548571958e-05,0.6086956521739131,0.229416673340193,0.08223062381852551
713,46,4.1587328934949964e-05,3.7777309669206545e-05,0.5434782608695652,0.7062206902167296,0.0609640831758034
714,46,9.591059734434998e-05,6.591848747250218e-05,0.6086956521739131,0.11691896376578921,0.11909262759924386
716,46,0.0001227962520902,6.567573252177608e-05,0.5652173913043478,0.11564104220013281,0.10113421550094517
718,46,0.00010671303171075,0.00016293713809222826,0.6521739130434783,0.06493493789541374,0.08223062381852551
719,46,6.724238061060002e-05,8.767567490763481e-05,0.5652173913043478,0.12747212202996466,0.17911153119092627
721,46,0.00010497840501225001,6.839989156947585e-05,0.5652173913043478,0.2627346126097565,0.11389413988657845
723,46,5.022336634860001e-05,6.891262415866741e-05,0.5652173913043478,0.4032373534404645,0.09357277882797732
724,46,8.936824285989999e-05,5.9175408137491274e-05,0.6086956521739131,0.14617893685858602,0.13090737240075614
725,46,4.090936572960003e-05,0.00024145419120822175,0.5869565217391305,0.2512783817518438,0.04725897920604915
726,46,7.984860776615e-05,0.00016991938029440218,0.6739130434782609,0.027699792662061778,0.10586011342155009
727,46,0.00010159815866824998,5.271964944132609e-05,0.6956521739130435,0.02371359716496444,0.10396975425330812
728,46,6.149332424075006e-05,0.00017558937162693908,0.5652173913043478,0.16196297168822604,0.09310018903591682
730,46,2.1428242810400027e-05,2.1460369111395645e-05,0.5869565217391305,0.37614158266057673,0.05718336483931947
732,46,9.088593785820003e-05,0.00016478995416166305,0.6304347826086957,0.03996373932090005,0.15264650283553874
733,46,3.8204953411450065e-05,3.532999872326742e-05,0.6304347826086957,0.22520363190411685,0.06285444234404537
734,46,5.849640944849974e-06,8.818969554541958e-05,0.5217391304347826,0.27353316654745585,0.11483931947069943
735,46,5.5488697069600035e-05,8.824861433267826e-05,0.5652173913043478,0.06972080005982945,0.10491493383742911
736,46,8.016845115799994e-05,0.0001708259307487065,0.6086956521739131,0.04797930754217598,0.138468809073724
737,46,9.269398137780002e-05,0.00019032089463421305,0.6304347826086957,0.08234743819367016,0.10822306238185256
738,46,3.2088553968750045e-05,0.00010942450567770436,0.6086956521739131,0.21389811508956935,0.1275992438563327
739,46,0.00010871952008919997,7.933586601099131e-05,0.5869565217391305,0.1539188354470922,0.13988657844990549
740,46,0.00010021136881309997,0.00014948409427160004,0.6086956521739131,0.021452274715929292,0.1290170132325142
741,46,3.5309606138400076e-05,2.1684703769758685e-05,0.5217391304347826,0.4218968202336205,0.0661625708884688
745,46,3.239532547844997e-05,2.083928546099347e-05,0.5217391304347826,0.3316637726640781,0.034026465028355386
746,46,4.3872434840799954e-05,5.633474966513479e-05,0.5652173913043478,0.19729384331064204,0.10444234404536862
747,46,5.4691034681750034e-05,0.00014942027689271954,0.5869565217391305,0.075823168368946,0.08412098298676748
748,46,0.0001326741574289,8.739189065425436e-05,0.6739130434782609,0.06660727974877376,0.15689981096408318
749,46,7.999593730839997e-05,9.452015942028261e-05,0.6086956521739131,0.12610779364198033,0.1219281663516068
750,46,4.227037319784997e-05,2.474749735201304e-05,0.5652173913043478,0.3418076156621822,0.06805293005671077
752,46,1.17289109167e-05,2.976848585900433e-05,0.5,0.522704508489301,0.07939508506616257
754,46,9.537407874515001e-05,9.55684552641891e-05,0.5652173913043478,0.2721758470457143,0.12523629489603025
755,46,2.34878210208e-05,0.00016013843190501958,0.5652173913043478,0.3813976110669203,0.048676748582230624
756,46,0.00010645775767064998,9.507912052837826e-05,0.5869565217391305,0.05312993922337116,0.1895085066162571
757,46,5.1833928561850014e-05,9.040352260961087e-05,0.6086956521739131,0.11947477938254446,0.08553875236294896
758,46,2.938313831899993e-06,0.00016569534956877393,0.5434782608695652,0.19730387259767257,0.10869565217391304
759,46,8.936423758659995e-05,0.0001819716616612217,0.6086956521739131,0.04382491825347926,0.15075614366729678
760,46,4.9950604509500015e-05,0.00021570740591933264,0.5652173913043478,0.16330038134024294,0.08081285444234404
761,46,0.00014754977962305,9.173747167870652e-05,0.6086956521739131,0.201131161366783,0.14177693761814744
762,46,2.6331857187999932e-05,6.468477961417176e-05,0.5652173913043478,0.1461939847660107,0.06852551984877127
763,46,4.2176906301800044e-05,0.00022288452086831304,0.5869565217391305,0.1118995038631883,0.11814744801512288
764,46,6.657088807174999e-05,6.795376159214133e-05,0.6086956521739131,0.15390040639159838,0.10066162570888469
765,46,6.217280279290001e-05,5.186897256025435e-05,0.5217391304347826,0.19231047489502484,0.06899810964083176
766,46,7.633137500210002e-05,4.7139215545852174e-05,0.6086956521739131,0.18614193965972126,0.10302457466918714
767,46,0.00011386574341585003,0.00015703956990018044,0.6086956521739131,0.053799978237835326,0.15784499054820417
768,46,0.00011231641733799999,0.0002189356251008823,0.6304347826086957,0.06403533778910946,0.2632325141776938
769,46,0.00017138408355079997,8.665559546853916e-05,0.5869565217391305,0.2189982352370159,0.13468809073724008
770,46,0.00011537203680254997,9.154520311502608e-05,0.6739130434782609,0.10946221454919629,0.15453686200378072
771,46,7.446989681805002e-05,0.00012760254928691306,0.6086956521739131,0.33358181347297045,0.11483931947069943
773,46,-1.1841661482650024e-05,3.803490182773696e-05,0.45652173913043476,0.6307103946982808,0.04914933837429111
774,46,9.798933278730004e-05,0.0001054927340001087,0.5869565217391305,0.10706192052597976,0.11578449905482041
775,46,6.932700935055e-05,6.499807953456088e-05,0.5434782608695652,0.2535426765359603,0.07419659735349717
776,46,6.661464707664996e-05,0.00020769610252794048,0.5652173913043478,0.0813949256901712,0.1271266540642722
777,46,4.922999549869994e-05,0.00011970218273086664,0.5434782608695652,0.2069714019546408,0.1280718336483932
778,46,8.15354278424e-05,7.992405575062391e-05,0.6086956521739131,0.22107702651196648,0.11956521739130435
779,46,6.038603185539994e-05,0.00024464987773504995,0.6304347826086957,0.04633288132652138,0.14130434782608695
780,46,2.7869750886550014e-05,3.459803170691959e-05,0.5217391304347826,0.4946751527140567,0.055765595463137994
781,46,3.6717751731250024e-05,7.477649961236738e-05,0.6086956521739131,0.17898358825013083,0.1053875236294896
782,46,0.0001464326953072,0.00025867653957968914,0.6304347826086957,0.026187958643629966,0.1389413988657845
783,46,6.151337970625002e-05,6.367230921918042e-05,0.6086956521739131,0.23154753183213694,0.10160680529300567
784,46,1.914684674100001e-05,0.00014372942311155655,0.5434782608695652,0.07142687142940624,0.09688090737240075
785,46,6.791649860774998e-05,0.00014411393135555433,0.5869565217391305,0.08429823099726808,0.11767485822306238
787,46,7.046068255279998e-05,0.00013189039899950654,0.6086956521739131,0.1302264729738083,0.08790170132325142
788,46,9.86065931753e-05,7.019560850962608e-05,0.6304347826086957,0.07856442516237648,0.13516068052930058
789,46,4.723063868615002e-05,7.488879802556524e-05,0.5652173913043478,0.3281412362465935,0.06994328922495274
790,46,2.9169675962499196e-06,3.2403705253723925e-05,0.5217391304347826,0.7513556130555222,0.04300567107750473
791,46,6.881654449404997e-05,4.341617330703043e-05,0.5869565217391305,0.3850626212792777,0.08648393194706994
793,46,9.039177836209998e-05,7.106352924690217e-05,0.6086956521739131,0.16525411838725046,0.14319470699432893
794,46,0.0,2.89834430137152e-05,0.5,0.8185231956845276,0.0500945179584121
795,46,8.631129574974999e-05,0.00020184206025766654,0.6739130434782609,0.048596110907770024,0.1332703213610586
796,46,9.223000833669999e-05,0.00024397351411621743,0.6304347826086957,0.031525063103893546,0.13137996219281664
797,46,6.391332195749996e-05,0.00012931300023957923,0.6086956521739131,0.08932213426770924,0.15879017013232513
798,46,7.220287021149997e-05,0.0001545282368677978,0.6739130434782609,0.034036990720592915,0.07750472589792061
801,46,0.00014540062848039995,0.00013314414249483044,0.6304347826086957,0.028079037254632278,0.21597353497164462
802,46,3.2091303494699954e-05,4.962736162973479e-05,0.5869565217391305,0.2558317804590806,0.07183364839319471
803,46,7.68750679124e-05,4.5315152908263067e-05,0.5869565217391305,0.3791058021846473,0.1053875236294896
804,46,3.380519602364998e-05,4.0291448190767395e-05,0.5652173913043478,0.4411445916474164,0.09782608695652174
805,46,4.6311093461349985e-05,0.0001055982420954109,0.6304347826086957,0.14021779353778818,0.0723062381852552
811,46,4.4294801121800035e-05,6.551136890546742e-05,0.5652173913043478,0.36158429833622374,0.1219281663516068
812,46,7.763882043239996e-05,9.699226552572173e-05,0.6304347826086957,0.09140243722556948,0.15642722117202268
813,46,7.383534265860008e-05,7.957484887323262e-05,0.5652173913043478,0.18981948221872558,0.10869565217391304
814,46,5.409279688554995e-05,4.4653572047139124e-05,0.6304347826086957,0.2231144575417453,0.0888468809073724
815,46,4.384307049789995e-05,3.466144196609781e-05,0.6086956521739131,0.16692169103578813,0.06852551984877127
816,46,9.043102042074997e-05,7.178781367457174e-05,0.5869565217391305,0.2745289364250454,0.10349716446124764
818,46,2.568702606830001e-05,2.993096950570868e-05,0.5434782608695652,0.31481409432638663,0.0949905482041588
819,46,8.042617669019999e-05,7.63465880175761e-05,0.5434782608695652,0.48781897338130054,0.11058601134215501
820,46,6.453934470155003e-05,0.000150889416565,0.5652173913043478,0.07404229668981893,0.0997164461247637
822,46,7.730208272324998e-05,7.588013805774782e-05,0.6086956521739131,0.17200683264807737,0.1266540642722117
823,46,6.150854722169997e-05,5.4313448012413056e-05,0.5652173913043478,0.1737413138489775,0.07986767485822306
824,46,2.6345133471099617e-05,6.325377456556739e-05,0.5869565217391305,0.19815280584812522,0.08742911153119093
825,46,1.7729127163499964e-05,6.510315355175217e-05,0.5434782608695652,0.4156408579773119,0.12429111531190926
827,46,7.289575271834996e-05,0.0002389324849527543,0.5434782608695652,0.20697479010912367,0.12476370510396975
828,46,4.2134385212849994e-05,8.448986540060703e-05,0.5652173913043478,0.1825432223651562,0.08979206049149338
829,46,0.00011405089448069994,9.386630195126957e-05,0.6086956521739131,0.10895758154387371,0.09546313799621928
830,46,6.282272137385001e-05,0.0001413670034553782,0.6521739130434783,0.06094843418344739,0.1389413988657845
831,46,1.61590479162e-05,5.250093828871739e-05,0.5217391304347826,0.3260722120815873,0.07372400756143667
832,46,0.0001095932824431,0.00010058206312370434,0.6304347826086957,0.06095228944235648,0.1843100189035917
833,46,1.1929795664000005e-05,6.418748754029347e-05,0.5,0.48743503609009287,0.08175803402646503
834,46,0.00019071130144025002,0.00021814661599192517,0.6739130434782609,0.03313072210255785,0.2712665406427221
835,46,7.151220349800006e-05,0.00011484704420475868,0.5869565217391305,0.09245830202655728,0.13137996219281664
836,46,5.1506772924199976e-05,5.63325758987978e-05,0.6304347826086957,0.06829934702531519,0.0723062381852552
837,46,8.037057013155006e-05,9.767914476368914e-05,0.5869565217391305,0.28183176375385366,0.16965973534971646
838,46,1.6119276165200015e-05,2.988118783167609e-05,0.5652173913043478,0.26505923713745927,0.07372400756143667
839,46,2.2287264395550008e-05,9.812856410733697e-05,0.5217391304347826,0.26980124824542295,0.08790170132325142
840,46,6.132919896845e-05,8.40425272400826e-05,0.6086956521739131,0.2050021314665723,0.07608695652173914
842,46,2.233980960265002e-05,8.463226420526305e-05,0.5434782608695652,0.14317303715606036,0.14177693761814744
843,46,2.9655067858649973e-05,0.00023292121776766303,0.5217391304347826,0.1973072156266128,0.12051039697542533
844,46,6.086682541864996e-05,8.197412684735216e-05,0.5652173913043478,0.27698230075722596,0.07892249527410208
845,46,3.5865395821100014e-05,4.802207834440602e-05,0.5434782608695652,0.46748284400155116,0.07703213610586011
846,46,4.0778066051850074e-05,0.00015108837595670215,0.5652173913043478,0.13298334357520164,0.11814744801512288
847,46,2.965572454755001e-05,0.0001065672014721022,0.5217391304347826,0.17032030975520718,0.06758034026465029
848,46,2.574994471355005e-05,3.05800585665326e-05,0.5652173913043478,0.37028438048445034,0.055293005671077505
849,46,7.79689846038e-05,0.00024087874980959018,0.6739130434782609,0.007555052240987915,0.11767485822306238
850,46,0.00018589619461389993,0.00021342802319424133,0.6739130434782609,0.019381169562187876,0.14130434782608695
851,46,8.823885918614994e-05,8.395479863141735e-05,0.6086956521739131,0.07763446280831506,0.139413988657845
852,46,6.840114031315004e-05,2.3919613349358684e-05,0.5652173913043478,0.39408996930066686,0.05245746691871456
853,46,3.242441752584997e-05,3.40264144389935e-05,0.5434782608695652,0.41251117723675024,0.08979206049149338
854,46,4.8146254961550024e-05,9.473838179824131e-05,0.5869565217391305,0.2249281028288901,0.06947069943289225
855,46,3.2293582763550006e-05,4.017551452503916e-05,0.5217391304347826,0.4542058971744032,0.06143667296786389
856,46,7.245163890769998e-05,0.00020114991097925017,0.5652173913043478,0.18616821480242052,0.14508506616257089
857,46,4.250762263499999e-05,2.2369078777976088e-05,0.5652173913043478,0.6638489116582188,0.048204158790170135
858,46,0.00013435941321124996,0.00012588892846539566,0.5652173913043478,0.13585584543114107,0.0945179584120983
859,46,4.940841764565002e-05,0.00025566691908316904,0.6304347826086957,0.07635867922886501,0.1275992438563327
860,46,6.815514168924999e-05,6.113348720532826e-05,0.5869565217391305,0.21899135947744985,0.0671077504725898
861,46,-5.840677724200014e-06,2.075980017140436e-05,0.4782608695652174,0.8788770805036493,0.03780718336483932
862,46,4.701033956860002e-05,6.051942492006955e-05,0.6086956521739131,0.2069646255389337,0.07277882797731569
864,46,7.05190162221e-05,6.215127063775435e-05,0.6304347826086957,0.12208553871107851,0.12098298676748583
865,46,5.945478088349981e-06,3.8645607574652156e-05,0.5,0.626817022159311,0.05434782608695652
866,46,0.00012969310270699998,0.0001513833770480413,0.6521739130434783,0.011427816460631447,0.1498109640831758
867,46,7.718795428340001e-05,6.711996024632609e-05,0.5869565217391305,0.09350924519335692,0.11767485822306238
869,46,2.4901908260850018e-05,3.875399277955872e-05,0.5869565217391305,0.23799242202839443,0.09924385633270322
870,46,5.608489995425004e-05,8.954974586538046e-05,0.5434782608695652,0.3260722120815873,0.07892249527410208
872,46,6.903343386495002e-05,0.0001864128630216,0.6086956521739131,0.12211339557294801,0.11200378071833648
873,46,7.874097428705001e-05,0.0001358630498366652,0.6086956521739131,0.11564647551095938,0.07703213610586011
875,46,5.4513896688300066e-05,0.0001016930798972674,0.5869565217391305,0.1720228299885842,0.1053875236294896
877,46,7.252164080390005e-05,6.615039849210654e-05,0.6086956521739131,0.15390654949873378,0.13799621928166353
879,46,5.549749158260001e-05,2.9717192289052174e-05,0.5869565217391305,0.33083987871993903,0.05434782608695652
880,46,7.364733395300005e-05,0.0001479350795054761,0.6739130434782609,0.05941685253447784,0.07750472589792061
881,46,1.620654887265002e-05,5.960550879803914e-05,0.6086956521739131,0.16526042701138832,0.07939508506616257
882,46,5.466022582244998e-05,0.00024317698585680874,0.6304347826086957,0.022403626924283913,0.10302457466918714
883,46,0.00010494601518279986,0.0001519148611385761,0.717391304347826,0.004658040736890621,0.139413988657845
884,46,3.2360123687999996e-05,0.0002478811055620717,0.6086956521739131,0.09352147697616513,0.0723062381852552
885,46,4.260629841340005e-05,4.394772609948043e-05,0.5217391304347826,0.6541890307840819,0.0883742911153119
887,46,-2.509809983414999e-05,2.7665680379963036e-05,0.4782608695652174,0.6345757897176874,0.06049149338374291
888,46,3.929267488365001e-05,5.763355430009783e-05,0.5434782608695652,0.37028438048445034,0.09215500945179585
889,46,0.0,4.139191689452822e-05,0.5,0.6423976021644975,0.07372400756143667
890,46,1.2566449804450022e-05,6.170737499864566e-05,0.5434782608695652,0.367384355401152,0.09924385633270322
891,46,7.343163790049978e-06,7.023895799019546e-06,0.5217391304347826,0.7438285040583749,0.017958412098298678
892,46,3.1974423113250046e-05,0.0002422094146111892,0.6521739130434783,0.02272405199960064,0.16871455576559546
893,46,5.561709876839997e-05,0.00010242073280047831,0.5652173913043478,0.1001004406257065,0.09593572778827977
894,46,7.766386270484995e-05,5.9590533164491306e-05,0.5869565217391305,0.2558317804590806,0.08979206049149338
895,46,4.9363140692449954e-05,0.00013524459956509348,0.5869565217391305,0.09788011981772696,0.16965973534971646
896,46,4.567233141870001e-05,0.00014348670740205435,0.5869565217391305,0.07057066589047165,0.08553875236294896
897,46,6.64144746373e-05,0.00010587814797251738,0.6086956521739131,0.11312874901994559,0.15973534971644612
898,46,7.102772387819999e-05,0.0001931564005879848,0.5869565217391305,0.1302207393976242,0.1001890359168242
900,46,3.5237963279599995e-05,4.391978031965652e-05,0.5652173913043478,0.5662361313018602,0.10302457466918714
901,46,6.28605475973e-05,5.3327348608560834e-05,0.5869565217391305,0.26508776144692314,0.06758034026465029
903,46,2.2943185311149984e-05,2.725508830083262e-05,0.5652173913043478,0.2745360989995228,0.08175803402646503
904,46,8.387561437819997e-05,0.0001470647074725435,0.6521739130434783,0.022399617251513727,0.18100189035916825
905,46,0.0,2.26287193793239e-05,0.5,0.8784236796524895,0.05907372400756144
906,46,1.4821866806749952e-05,6.31862626260087e-05,0.5652173913043478,0.24459141225302206,0.06001890359168242
907,46,6.893925118359997e-05,5.0923211905645646e-05,0.5869565217391305,0.14459311233924207,0.14083175803402648
908,46,4.1076910743750026e-05,0.00011407772494596734,0.5652173913043478,0.2917174452431024,0.14697542533081284
909,46,2.0808711402600004e-05,4.245752606088696e-05,0.5652173913043478,0.5050963250446372,0.1167296786389414
910,46,2.6480071291300016e-05,5.583841120115001e-05,0.5652173913043478,0.30166926632178614,0.10160680529300567
911,46,1.6218324933899963e-05,4.41997432490587e-05,0.5217391304347826,0.41251117723675024,0.08648393194706994
912,46,0.0,3.96768202656587e-05,0.5,0.46748284400155116,0.07183364839319471
913,46,1.1879107727449966e-05,0.00018047850897789128,0.5217391304347826,0.376159389510737,0.062381852551984876
914,46,6.992087590985003e-05,9.292916413831735e-05,0.5869565217391305,0.0709013234918738,0.13185255198487714
915,46,5.698811432504997e-05,7.048864308101306e-05,0.5869565217391305,0.1825366946016036,0.10775047258979206
916,46,5.837606574579993e-05,4.931604893755437e-05,0.5652173913043478,0.23154056833855696,0.08223062381852551
917,46,1.9862729951049957e-05,2.1046177629265227e-05,0.5217391304347826,0.8870472137448445,0.039224952741020794
918,46,2.3612265932650037e-05,6.535079579457827e-05,0.5434782608695652,0.12895182993796045,0.09357277882797732
919,46,1.9703808484250018e-05,2.411416175219783e-05,0.5434782608695652,0.5662158535773207,0.07088846880907372
920,46,1.4712443643449943e-05,2.5746776376158712e-05,0.5217391304347826,0.519154055222125,0.06521739130434782
921,46,0.0001248326825744,0.00011473884159212915,0.5652173913043478,0.20695784898090286,0.14886578449905483
922,46,6.017927359239998e-05,8.947119997529785e-05,0.6521739130434783,0.03267371473569551,0.07419659735349717
