subject,n_nodes,density_raw,isolated_nodes_post_threshold,n_components_multi,giant_frac,ge,strength_mean,flag_density_iqr,flag_strength_iqr,flag_components,flag_isolated,qc_pass
1,456,0.5432427221900906,0,1,1.0,0.5539570079043763,17491.967603148696,False,False,False,False,True
3,456,0.4260555234239445,0,1,1.0,0.5485331919542445,15089.779352190268,False,False,False,False,True
4,456,0.4637459032195874,0,1,1.0,0.5532388663967611,13695.918145031881,False,False,False,False,True
5,456,0.3589261615577405,0,1,1.0,0.5417574384679648,15255.17090842301,False,False,False,False,True
6,456,0.566657027183343,0,1,1.0,0.5510274082642503,15426.195012834381,False,False,False,False,True
7,456,0.5374783111625216,0,1,1.0,0.5525930210140736,14713.83165891926,False,False,False,False,True
8,456,0.2962116830537883,0,1,1.0,0.5395548165285007,14844.237122812063,False,False,False,False,True
9,456,0.3336128783497205,0,1,1.0,0.5421398046398046,15373.558789768043,False,False,False,False,True
10,456,0.4737998843262001,0,1,1.0,0.5478487886382623,15007.351238442945,False,False,False,False,True
11,456,0.4708887603624446,0,1,1.0,0.5404063042220937,15900.326008779928,False,False,False,False,True
12,456,0.5092442645074224,0,1,1.0,0.5450926996979628,15651.317789241868,False,False,False,False,True
13,456,0.2781569307885097,0,1,1.0,0.5430659983291563,14035.540167931795,False,False,False,False,True
14,456,0.5446018893387314,0,1,1.0,0.5467603303129619,17044.07178940134,False,False,False,False,True
15,456,0.46495083863504916,0,1,1.0,0.5505735492577598,16791.317054271567,False,False,False,False,True
16,456,0.39788895315211104,0,1,1.0,0.5449392712550607,17827.500434590012,False,False,False,False,True
18,456,0.5407942934258724,0,1,1.0,0.5413782854572328,17474.442516305207,False,False,False,False,True
19,456,0.4510892616155774,0,1,1.0,0.5499638519375362,14897.230531304062,False,False,False,False,True
20,456,0.4923462502409871,1,1,0.9978070175438597,0.5467667566351777,17046.447583520458,False,False,False,True,False
21,456,0.5451031424715636,0,1,1.0,0.5493131868131869,15997.206237260612,False,False,False,False,True
22,456,0.40161943319838056,0,1,1.0,0.5402609086819612,14344.987444153709,False,False,False,False,True
23,456,0.5082995951417004,0,1,1.0,0.5463217338217338,15143.915042290497,False,False,False,False,True
24,456,0.47040678619625986,0,1,1.0,0.5432186234817814,15823.49531250692,False,False,False,False,True
25,456,0.46999228841334106,1,1,0.9978070175438597,0.5461345671871988,14530.537004178292,False,False,False,True,False
26,456,0.20464623096202045,0,1,1.0,0.5381113039007775,13304.114099204278,False,False,False,False,True
27,456,0.5433776749566224,0,1,1.0,0.5507599126020178,16572.665811514285,False,False,False,False,True
28,456,0.3837092731829574,0,1,1.0,0.5464341944605102,15025.552598000455,False,False,False,False,True
29,456,0.4609311740890688,0,1,1.0,0.5485629136944926,14512.604894101521,False,False,False,False,True
30,456,0.45042413726624253,0,1,1.0,0.5423607094659726,16565.39311144612,False,False,False,False,True
31,456,0.41225178330441486,0,1,1.0,0.5500955915429598,15448.317576770001,False,False,False,False,True
32,456,0.37379024484287643,0,1,1.0,0.5463594884647516,15325.208981293825,False,False,False,False,True
33,456,0.42895700790437635,0,1,1.0,0.5497517833044149,14661.60108103528,False,False,False,False,True
34,456,0.38833622517833044,0,1,1.0,0.5409549514812673,15134.53724796155,False,False,False,False,True
36,456,0.45497397339502604,0,1,1.0,0.5482440074545338,15995.15305351247,False,False,False,False,True
37,456,0.31402544823597456,0,1,1.0,0.5421149026412184,15342.825410678297,False,False,False,False,True
38,456,0.4933487565066512,0,1,1.0,0.5512981170875908,15584.368164535677,False,False,False,False,True
39,456,0.40823211875843457,0,1,1.0,0.545814054366686,16153.42758419698,False,False,False,False,True
40,456,0.4581453634085213,0,1,1.0,0.5459361544887861,15857.828888888585,False,False,False,False,True
41,456,0.550028918449971,0,1,1.0,0.5509824240087398,15893.953619279066,False,False,False,False,True
42,456,0.2275882012724118,0,1,1.0,0.5300502859713386,14809.989466123709,False,False,False,False,True
43,456,0.5300269905533064,0,1,1.0,0.5461024355761198,16260.260182086706,False,False,False,False,True
44,456,0.3531521110468479,0,1,1.0,0.5413855150697255,16065.261711903146,False,False,False,False,True
45,456,0.39944090996722575,0,1,1.0,0.5430242272347535,14484.661238543657,False,False,False,False,True
46,456,0.5010892616155774,0,1,1.0,0.5471900906111432,15071.467822490946,False,False,False,False,True
47,456,0.4491999228841334,0,1,1.0,0.5521520146520147,15472.200256894752,False,False,False,False,True
48,456,0.28644688644688643,0,1,1.0,0.5362998843262001,14054.47137696858,False,False,False,False,True
49,456,0.39741661846925,0,1,1.0,0.5430298502666924,15555.85172712133,False,False,False,False,True
50,456,0.35579332947754,0,1,1.0,0.5432587879956301,15175.032104139755,False,False,False,False,True
51,456,0.2520532099479468,0,1,1.0,0.5392102049996788,14004.370584907043,False,False,False,False,True
52,456,0.3001542317331791,0,1,1.0,0.5388045434098065,14262.948155053613,False,False,False,False,True
53,456,0.6079718527086948,0,1,1.0,0.5497341109183215,16889.93989446416,False,False,False,False,True
54,456,0.3177366493155967,0,1,1.0,0.5446267913373176,14698.668977062234,False,False,False,False,True
55,456,0.4540485829959514,0,1,1.0,0.5530018957650537,14731.715954232666,False,False,False,False,True
56,456,0.3257085020242915,0,1,1.0,0.5417879634984898,15200.780533575895,False,False,False,False,True
57,456,0.3301233853865433,0,1,1.0,0.5443006554848661,15008.930863941481,False,False,False,False,True
58,456,0.45544630807788705,0,1,1.0,0.5469065291433712,16274.005322214934,False,False,False,False,True
59,456,0.43239830345093505,0,1,1.0,0.5469595463016516,16106.72869815599,False,False,False,False,True
60,456,0.4508097165991903,1,1,0.9978070175438597,0.5460638776428249,15676.789989709821,False,False,False,True,False
61,456,0.4807692307692308,0,1,1.0,0.5481178908810488,15609.347163445496,False,False,False,False,True
62,456,0.5217755928282244,0,1,1.0,0.5482785489364437,16665.847930794713,False,False,False,False,True
63,456,0.35247734721418933,0,1,1.0,0.5363890495469443,13596.313482692694,False,False,False,False,True
64,456,0.5827356853672643,0,1,1.0,0.5567074738127369,16952.44869985,False,False,False,False,True
65,456,0.5199055330634278,0,1,1.0,0.5511069340016708,17098.471125627915,False,False,False,False,True
66,456,0.5033449007133217,0,1,1.0,0.5439496176338281,15928.454253230408,False,False,False,False,True
67,456,0.4049546944283786,0,1,1.0,0.5457281023070496,15603.093690023446,False,False,False,False,True
68,456,0.22583381530749952,0,1,1.0,0.5396311291048133,13356.117532045597,False,False,False,False,True
69,456,0.36512434933487564,0,1,1.0,0.5436797121007647,15662.406240708799,False,False,False,False,True
70,456,0.3984480431848853,0,1,1.0,0.5409043441938178,14480.499807790673,False,False,False,False,True
71,456,0.5381241565452092,2,1,0.9956140350877193,0.5450838635049161,16101.681083779129,False,False,False,True,False
72,456,0.4078272604588394,0,1,1.0,0.5489549193496561,15104.431492547063,False,False,False,False,True
73,456,0.2814054366685946,0,1,1.0,0.5415035987404409,14643.921150385222,False,False,False,False,True
74,456,0.4035280508964719,1,1,0.9978070175438597,0.5435664481717113,15316.02028416169,False,False,False,True,False
75,456,0.44344515133988816,0,1,1.0,0.5470928924876294,15567.912311644572,False,False,False,False,True
76,456,0.5226527858106805,0,1,1.0,0.5487476704581967,15676.360258739931,False,False,False,False,True
77,456,0.32941006362058994,0,1,1.0,0.5391258595205963,14959.217020775142,False,False,False,False,True
78,456,0.3866782340466551,0,1,1.0,0.5487026862026861,14964.09485868809,False,False,False,False,True
79,456,0.40990938885675726,0,1,1.0,0.545055748345222,15698.355784399304,False,False,False,False,True
80,456,0.3994312704839021,0,1,1.0,0.5479291176659598,14407.437030259356,False,False,False,False,True
81,456,0.48262965105070366,0,1,1.0,0.5496907332433648,15214.88025406088,False,False,False,False,True
82,456,0.4282051282051282,0,1,1.0,0.5485131096973203,13935.97000313145,False,False,False,False,True
83,456,0.5422691343743975,0,1,1.0,0.5470752201015359,16595.24658648111,False,False,False,False,True
84,456,0.502612299980721,0,1,1.0,0.5440918000128526,14582.834814713875,False,False,False,False,True
85,456,0.35227491806439176,0,1,1.0,0.5399620846989268,14454.392941252834,False,False,False,False,True
86,456,0.4580778870252554,0,1,1.0,0.5477218687745004,15997.066138745597,False,False,False,False,True
87,456,0.3736360131096973,0,1,1.0,0.5419044405886511,15058.086050061247,False,False,False,False,True
88,456,0.37828224407171773,0,1,1.0,0.5431117858749438,16170.755960541206,False,False,False,False,True
89,456,0.5014362830152304,0,1,1.0,0.5495766660240344,16708.90992649187,False,False,False,False,True
90,456,0.5657605552342394,0,1,1.0,0.5496778805989333,16114.41236603407,False,False,False,False,True
91,456,0.4015808752650858,0,1,1.0,0.5438901741533321,15999.852254116287,False,False,False,False,True
92,456,0.42969924812030075,0,1,1.0,0.5498698669751302,15067.649913091213,False,False,False,False,True
93,456,0.36917293233082704,0,1,1.0,0.5433913308913308,14963.479712545806,False,False,False,False,True
94,456,0.2621071910545595,1,1,0.9978070175438597,0.5357833686781055,14078.428157333023,False,False,False,True,False
95,456,0.4352708694813958,0,1,1.0,0.5450075509286035,14360.203058649051,False,False,False,False,True
96,456,0.45227491806439174,0,1,1.0,0.5433439367649894,16762.922187453692,False,False,False,False,True
97,456,0.3296799691536534,0,1,1.0,0.5454573934837093,14599.025309582617,False,False,False,False,True
98,456,0.47654713707345286,0,1,1.0,0.5486593085277296,16458.691774100917,False,False,False,False,True
99,456,0.3186331212647002,0,1,1.0,0.5393347149926097,14541.855206435186,False,False,False,False,True
100,456,0.5179583574320417,1,1,0.9978070175438597,0.5465811965811965,15634.024422901144,False,False,False,True,False
101,456,0.44501638712165026,0,1,1.0,0.5451417004048583,15367.114201595941,False,False,False,False,True
102,456,0.48895315211104684,1,1,0.9978070175438597,0.5446059057901163,15534.964927779052,False,False,False,True,False
103,456,0.3618662039714671,0,1,1.0,0.5462092731829574,15882.19835287411,False,False,False,False,True
104,456,0.5048390206284943,0,1,1.0,0.5526637105584473,15099.525313746673,False,False,False,False,True
105,456,0.4593406593406593,0,1,1.0,0.5497051924683504,15038.733501567489,False,False,False,False,True
106,456,0.4142760748023906,0,1,1.0,0.5449320416425679,14181.357477030864,False,False,False,False,True
107,456,0.35850202429149797,0,1,1.0,0.5437865497076023,15505.381849819729,False,False,False,False,True
108,456,0.4537883169462117,0,1,1.0,0.5452156031103399,16670.7073391357,False,False,False,False,True
109,456,0.46069018700597647,0,1,1.0,0.5493645973909131,16757.180948184345,False,False,False,False,True
110,456,0.317129361866204,0,1,1.0,0.5381257631257631,15704.072903420025,False,False,False,False,True
111,456,0.45993830730672836,0,1,1.0,0.5561813186813187,16505.9720497048,False,False,False,False,True
112,456,0.5582224792751108,1,1,0.9978070175438597,0.5491131675342201,16324.206365844497,False,False,False,True,False
113,456,0.41968382494698286,0,1,1.0,0.5498144399460189,15083.763258563518,False,False,False,False,True
114,456,0.4984287642182379,0,1,1.0,0.5454220487115224,16099.914632822043,False,False,False,False,True
115,456,0.47141893194524775,0,1,1.0,0.5476455561981877,14979.043956457457,False,False,False,False,True
116,456,0.463475997686524,0,1,1.0,0.544205063941906,15311.778579190177,False,False,False,False,True
117,456,0.49839984576826685,0,1,1.0,0.546662328899171,16226.068181833742,False,False,False,False,True
118,456,0.23487565066512434,0,1,1.0,0.5335196966775914,13271.671117606393,False,False,False,False,True
119,456,0.49296317717370347,0,1,1.0,0.5464229483966326,15244.937771041894,False,False,False,False,True
120,456,0.46901870059764794,0,1,1.0,0.547104138551507,14576.359575656292,False,False,False,False,True
121,456,0.49599961442066703,0,1,1.0,0.5480255124991967,15118.780550357738,False,False,False,False,True
122,456,0.45921534605745135,0,1,1.0,0.5475901291690766,16521.034976009803,False,False,False,False,True
123,456,0.5421149026412184,0,1,1.0,0.547953216374269,16524.282963778496,False,False,False,False,True
124,456,0.3540582224792751,0,1,1.0,0.5502923976608187,14181.470649102866,False,False,False,False,True
125,456,0.4799691536533642,0,1,1.0,0.5402335968125441,14769.771586674216,False,False,False,False,True
126,456,0.46231925968768073,0,1,1.0,0.5439624702782597,14463.305056123456,False,False,False,False,True
127,456,0.5032099479467901,0,1,1.0,0.5525263479210847,14985.784047807125,False,False,False,False,True
128,456,0.48831694621168303,0,1,1.0,0.5498160465265729,16436.21544884462,False,False,False,False,True
129,456,0.46686909581646424,0,1,1.0,0.5454951481267271,15559.983682914033,False,False,False,False,True
130,456,0.42155388471177946,1,1,0.9978070175438597,0.5428073388599703,14218.337325836352,False,False,False,True,False
136,456,0.47153460574513206,0,1,1.0,0.5481644817171133,15853.516792399416,False,False,False,False,True
137,456,0.5111046847888954,1,1,0.9978070175438597,0.5439833558254611,16342.960832116538,False,False,False,True,False
138,456,0.5144592249855408,1,1,0.9978070175438597,0.5470495148126727,15644.332070408487,False,False,False,True,False
139,456,0.45269905533063426,0,1,1.0,0.549933326907011,15966.695303474242,False,False,False,False,True
140,456,0.41276267592057064,0,1,1.0,0.5469691857849752,14370.846090119821,False,False,False,False,True
141,456,0.4652014652014652,0,1,1.0,0.5466422466422467,16673.888740082646,False,False,False,False,True
142,456,0.5328128012338539,0,1,1.0,0.5499742947111368,16154.201972009647,False,False,False,False,True
143,456,0.36262772315403896,0,1,1.0,0.5367015294646873,16249.291821037632,False,False,False,False,True
144,456,0.3557451320609215,0,1,1.0,0.5437592378381851,15009.909958135271,False,False,False,False,True
145,456,0.33530942741469055,0,1,1.0,0.542094820384294,15074.70736709224,False,False,False,False,True
146,456,0.5101889338731443,0,1,1.0,0.5513607737291948,16297.792494901832,False,False,False,False,True
147,456,0.4445440524387893,0,1,1.0,0.5425430563588459,16534.130918541825,False,False,False,False,True
148,456,0.41653171390013494,1,1,0.9978070175438597,0.5466968703810808,15913.825341911432,False,False,False,True,False
149,456,0.35522459996144207,0,1,1.0,0.5471491228070176,15053.327755839973,False,False,False,False,True
150,456,0.3885097358781569,0,1,1.0,0.5383884390463338,16186.581336175304,False,False,False,False,True
151,456,0.34708887603624444,0,1,1.0,0.5429679969153653,15309.823445413032,False,False,False,False,True
152,456,0.28547329863119336,0,1,1.0,0.5411051667630615,14824.863160676568,False,False,False,False,True
153,456,0.4263157894736842,0,1,1.0,0.5435078079814922,15157.870356183728,False,False,False,False,True
154,456,0.4832272990167727,0,1,1.0,0.5498361287834972,14614.970410888296,False,False,False,False,True
155,456,0.5382301908617698,0,1,1.0,0.547734721418932,16583.294765167884,False,False,False,False,True
156,456,0.4761615577405051,0,1,1.0,0.5488416554206028,17130.209977419556,False,False,False,False,True
157,456,0.5029207634470793,0,1,1.0,0.5480672835935994,16027.709987590775,False,False,False,False,True
158,456,0.48082706766917294,1,1,0.9978070175438597,0.5477210654842233,15466.32496298526,False,False,False,True,False
159,456,0.4720647773279352,0,1,1.0,0.5482102692629008,15671.72581670649,False,False,False,False,True
160,456,0.30364372469635625,0,1,1.0,0.540145234882077,14792.27920264045,False,False,False,False,True
161,456,0.49383073067283595,0,1,1.0,0.5506185335132703,15242.895892223964,False,False,False,False,True
162,456,0.4782147676884519,1,1,0.9978070175438597,0.5482584666795193,15444.422003596368,False,False,False,True,False
163,456,0.5031039136302294,0,1,1.0,0.5436178587494378,17593.288594486356,False,False,False,False,True
164,456,0.5466165413533834,0,1,1.0,0.552610693400167,15449.845697603694,False,False,False,False,True
165,456,0.43607094659726237,0,1,1.0,0.5408553434869224,14354.508576557368,False,False,False,False,True
166,456,0.5206670522459996,1,1,0.9978070175438597,0.5489492963177174,16827.54753710617,False,False,False,True,False
167,456,0.5401484480431848,0,1,1.0,0.5535650022492127,16198.515402706993,False,False,False,False,True
168,456,0.33055716213610953,0,1,1.0,0.5469250048197417,14651.838827822978,False,False,False,False,True
169,456,0.3001542317331791,0,1,1.0,0.5393098129940235,15576.63291854993,False,False,False,False,True
170,456,0.36705224599961445,0,1,1.0,0.5438998136366557,15594.07057402724,False,False,False,False,True
171,456,0.49352226720647774,1,1,0.9978070175438597,0.5501148705096073,16022.245672658673,False,False,False,True,False
172,456,0.5463948332369385,1,1,0.9978070175438597,0.5447745967482809,17095.869757329947,False,False,False,True,False
173,456,0.4329381145170619,0,1,1.0,0.5442580811001864,15675.361527292776,False,False,False,False,True
174,456,0.35324850588008483,0,1,1.0,0.5435238737870317,15727.147623092622,False,False,False,False,True
175,456,0.37483130904183537,1,1,0.9978070175438597,0.5430820641346956,14792.667769614804,False,False,False,True,False
176,456,0.41875843454790823,0,1,1.0,0.5464663260715892,14266.408832092198,False,False,False,False,True
177,456,0.42622903412377094,0,1,1.0,0.5445802005012531,15073.711543126718,False,False,False,False,True
178,456,0.49494891073838443,0,1,1.0,0.550722961249277,15811.432354609009,False,False,False,False,True
179,456,0.4518507807981492,0,1,1.0,0.5443858042542252,15715.990459204406,False,False,False,False,True
180,456,0.398110661268556,0,1,1.0,0.5446814150761519,14278.82519101943,False,False,False,False,True
181,456,0.48657219973009447,0,1,1.0,0.5502401837928154,15537.787661992013,False,False,False,False,True
182,456,0.4388471177944862,0,1,1.0,0.5455875265085791,16552.48228157877,False,False,False,False,True
183,456,0.44860227491806437,0,1,1.0,0.5422273632799949,16471.48180287397,False,False,False,False,True
184,456,0.48128012338538656,0,1,1.0,0.5476776878092667,15650.540753130523,False,False,False,False,True
185,456,0.49271255060728747,0,1,1.0,0.5467338217338217,16273.167746140018,False,False,False,False,True
186,456,0.4775882012724118,0,1,1.0,0.5532252104620525,15165.183026241106,False,False,False,False,True
187,456,0.5029400424137266,1,1,0.9978070175438597,0.5479805282436861,14771.844137050637,False,False,False,True,False
188,456,0.4040389435126277,0,1,1.0,0.5439729130518605,16911.87020696762,False,False,False,False,True
189,456,0.27893772893772895,1,1,0.9978070175438597,0.5358428121586016,14740.14974124625,False,False,False,True,False
190,456,0.5660690187005977,0,1,1.0,0.5450412891202364,22546.503157914663,False,True,False,False,False
191,456,0.4815403894351263,0,1,1.0,0.5467418546365915,15627.502266573703,False,False,False,False,True
192,456,0.5080875265085791,0,1,1.0,0.5467354283143756,14426.337114387405,False,False,False,False,True
193,456,0.547734721418932,0,1,1.0,0.5495156159629844,16508.825611721397,False,False,False,False,True
194,456,0.5237998843262001,0,1,1.0,0.5532565387828545,15153.98579769196,False,False,False,False,True
195,456,0.4950356660882977,0,1,1.0,0.5468768074031232,14761.636631568534,False,False,False,False,True
196,456,0.5195777906304222,0,1,1.0,0.5482938114517062,16597.269687018048,False,False,False,False,True
197,456,0.48975322922691344,0,1,1.0,0.544144013880856,16690.339278084797,False,False,False,False,True
198,456,0.3915076151918257,0,1,1.0,0.5484488464751622,14948.050230192935,False,False,False,False,True
199,456,0.5085984191247349,0,1,1.0,0.5468776106934001,16716.020444655038,False,False,False,False,True
200,456,0.4585887796414112,0,1,1.0,0.5440958164642375,16989.0014072787,False,False,False,False,True
201,456,0.5256795835743204,0,1,1.0,0.5520355375618533,15873.981162016067,False,False,False,False,True
202,456,0.5062078272604589,0,1,1.0,0.5478327228327228,15736.248631334227,False,False,False,False,True
203,456,0.5165606323501061,0,1,1.0,0.5499823276139065,16882.04274670394,False,False,False,False,True
204,456,0.5470792365529208,0,1,1.0,0.5478367392841077,16604.475053010214,False,False,False,False,True
205,456,0.34107383844225947,0,1,1.0,0.5462807660176081,13886.42625546034,False,False,False,False,True
206,456,0.35676691729323307,0,1,1.0,0.5453601953601953,15871.510922846794,False,False,False,False,True
207,456,0.5206381337960285,0,1,1.0,0.5533834586466165,16526.922415744382,False,False,False,False,True
208,456,0.3416907653749759,0,1,1.0,0.5394905533063428,14952.43048749044,False,False,False,False,True
209,456,0.41151918257181413,0,1,1.0,0.5426282051282051,16840.901322611917,False,False,False,False,True
210,456,0.4468768074031232,0,1,1.0,0.5451963241436926,15088.516785772877,False,False,False,False,True
211,456,0.33311162521688836,0,1,1.0,0.5406938821412505,13989.504492534325,False,False,False,False,True
212,456,0.4630325814536341,1,1,0.9978070175438597,0.5457771030139451,15669.412511505088,False,False,False,True,False
213,456,0.41320609215346055,0,1,1.0,0.5481460060407428,14718.766606401488,False,False,False,False,True
214,456,0.575882012724118,0,1,1.0,0.545905629458261,16822.972156249347,False,False,False,False,True
215,456,0.3526797763639869,0,1,1.0,0.5451657991131675,14858.516400778633,False,False,False,False,True
216,456,0.5390013495276653,0,1,1.0,0.5541401580875265,15865.02455289616,False,False,False,False,True
217,456,0.5267110082899557,0,1,1.0,0.5520419638840691,17426.40161139714,False,False,False,False,True
218,456,0.5399267399267399,0,1,1.0,0.5429366685945634,15664.99216249412,False,False,False,False,True
219,456,0.5146327356853673,0,1,1.0,0.5502626759205707,15171.33844927277,False,False,False,False,True
220,456,0.5300077115866589,0,1,1.0,0.5521536212325686,15988.120248649857,False,False,False,False,True
221,456,0.37172739541160593,0,1,1.0,0.5447014973330763,14580.82274010807,False,False,False,False,True
222,456,0.4703971467129362,0,1,1.0,0.5359408135723925,17134.843405609852,False,False,False,False,True
223,456,0.5328513591671487,0,1,1.0,0.5476527858106806,15482.207010949749,False,False,False,False,True
224,456,0.3735299787931367,0,1,1.0,0.5483757470599576,15278.148771240458,False,False,False,False,True
225,456,0.4318681318681319,0,1,1.0,0.547514619883041,15532.936088366041,False,False,False,False,True
226,456,0.46382301908617696,0,1,1.0,0.5444018700597648,16359.489741641668,False,False,False,False,True
227,456,0.4887796414112204,0,1,1.0,0.5540686652528757,14326.545768222984,False,False,False,False,True
228,456,0.4935801041064199,0,1,1.0,0.5493123835229098,16302.646386316243,False,False,False,False,True
229,456,0.376479660690187,0,1,1.0,0.5400641025641025,16042.031284562558,False,False,False,False,True
230,456,0.4755253518411413,0,1,1.0,0.5475330955594113,15692.42157042167,False,False,False,False,True
231,456,0.3916714864083285,1,1,0.9978070175438597,0.544644463723411,14516.490742026845,False,False,False,True,False
232,456,0.5219683824946982,0,1,1.0,0.5516547779705674,15967.93470899094,False,False,False,False,True
233,456,0.33098129940235205,0,1,1.0,0.5441078658183921,14332.732382443422,False,False,False,False,True
234,456,0.4453537690379796,0,1,1.0,0.5471290405500931,16148.127882102537,False,False,False,False,True
235,456,0.430383651436283,0,1,1.0,0.5412843004948268,15628.896237271332,False,False,False,False,True
236,456,0.5510507036822826,0,1,1.0,0.5534766403187455,16444.92692366847,False,False,False,False,True
237,456,0.5007711586658955,0,1,1.0,0.5462124863440653,17196.54722756337,False,False,False,False,True
238,456,0.37542895700790435,0,1,1.0,0.549901998586209,15458.640977068362,False,False,False,False,True
239,456,0.4360613071139387,0,1,1.0,0.5428659790501895,16013.861442147803,False,False,False,False,True
240,456,0.5542799305957201,0,1,1.0,0.5536557740505109,16683.42258447948,False,False,False,False,True
241,456,0.5656834393676499,0,1,1.0,0.5490392648287384,15888.642945780304,False,False,False,False,True
242,456,0.5030075187969925,0,1,1.0,0.5440877835614677,15361.609268854225,False,False,False,False,True
243,456,0.4035762483130904,0,1,1.0,0.5431270483902063,15748.222771594954,False,False,False,False,True
244,456,0.36060343165606323,0,1,1.0,0.546758723732408,14824.667684557897,False,False,False,False,True
245,456,0.3944380181222287,0,1,1.0,0.5468679712100765,15856.622332473433,False,False,False,False,True
246,456,0.40491613649508384,0,1,1.0,0.5488143435511856,14865.107140879425,False,False,False,False,True
247,456,0.43204164256795835,0,1,1.0,0.5520957843326265,14516.523411116612,False,False,False,False,True
248,456,0.5068536726431463,0,1,1.0,0.5421703296703296,16949.454056619063,False,False,False,False,True
249,456,0.46530749951802586,1,1,0.9978070175438597,0.5492545466229677,15838.976057590524,False,False,False,True,False
250,456,0.45466550992866783,1,1,0.9978070175438597,0.5439359616991196,15007.145142454165,False,False,False,True,False
251,456,0.5630422209369578,1,1,0.9978070175438597,0.5492850716534926,16481.47949809362,False,False,False,True,False
252,456,0.4377000192789666,0,1,1.0,0.5464205385258017,15877.329541361418,False,False,False,False,True
253,456,0.4989396568343937,0,1,1.0,0.5518355182828867,15465.411627159307,False,False,False,False,True
254,456,0.4851262772315404,0,1,1.0,0.5468784139836771,15208.086473769165,False,False,False,False,True
255,456,0.340900327742433,0,1,1.0,0.5431487372276846,15089.124342390809,False,False,False,False,True
256,456,0.46101792943898207,0,1,1.0,0.5446211683053789,16152.947006140754,False,False,False,False,True
257,456,0.4647291305186042,0,1,1.0,0.553745742561532,15892.778549808943,False,False,False,False,True
258,456,0.4703778677462888,0,1,1.0,0.5500192789666474,15035.946132298952,False,False,False,False,True
259,456,0.45605359552727975,0,1,1.0,0.5510041128462181,15588.591799997153,False,False,False,False,True
260,456,0.519269327164064,0,1,1.0,0.5484183214446372,15333.460341874412,False,False,False,False,True
261,456,0.6010603431656063,0,1,1.0,0.5531071267913372,16729.92923908844,False,False,False,False,True
262,456,0.41359167148640835,0,1,1.0,0.551071589229484,14639.833164529124,False,False,False,False,True
263,456,0.37707730865625605,0,1,1.0,0.5438628622839149,15809.5623013437,False,False,False,False,True
264,456,0.5570464623096202,0,1,1.0,0.5511229998072104,16365.717085155315,False,False,False,False,True
265,456,0.39882398303450933,0,1,1.0,0.5421815757342073,14592.425496021515,False,False,False,False,True
266,456,0.4263350684403316,0,1,1.0,0.5448292204871151,16011.155130326977,False,False,False,False,True
267,456,0.43710237131289764,0,1,1.0,0.5465570978728873,14326.610318425193,False,False,False,False,True
268,456,0.5253422016579912,0,1,1.0,0.5474993573677783,16695.90686864785,False,False,False,False,True
269,456,0.5025062656641605,0,1,1.0,0.5494569757727652,15599.89863787111,False,False,False,False,True
270,456,0.38990746096009254,0,1,1.0,0.5485998650472335,15079.922538553381,False,False,False,False,True
271,456,0.4981974166184692,0,1,1.0,0.5472752393805026,17186.516965424937,False,False,False,False,True
272,456,0.5648544438018123,0,1,1.0,0.5481355632671422,16882.251630154584,False,False,False,False,True
273,456,0.590871409292462,0,1,1.0,0.552047586916008,16681.1519783,False,False,False,False,True
274,456,0.36684017736649316,0,1,1.0,0.5475708502024291,14938.341218185627,False,False,False,False,True
275,456,0.27356853672643144,0,1,1.0,0.5378172996594048,14675.444576038799,False,False,False,False,True
276,456,0.5106709080393291,0,1,1.0,0.5512250176723861,15179.267938080326,False,False,False,False,True
277,456,0.4686909581646424,1,1,0.9978070175438597,0.5506161236424395,15850.146278741753,False,False,False,True,False
278,456,0.5119144013880856,0,1,1.0,0.5554848660111819,13912.30224492355,False,False,False,False,True
279,456,0.5029496818970504,0,1,1.0,0.5467555105713,14853.874827748394,False,False,False,False,True
280,456,0.3667341430499325,0,1,1.0,0.5387716085084506,16670.42310131351,False,False,False,False,True
281,456,0.4508868324657798,0,1,1.0,0.5465498682603945,15179.017852940025,False,False,False,False,True
282,456,0.3160497397339503,0,1,1.0,0.5397106548422338,14411.677398933327,False,False,False,False,True
283,456,0.41276267592057064,0,1,1.0,0.5410842812158602,16217.077058647024,False,False,False,False,True
284,456,0.37559282822440715,0,1,1.0,0.5450316496369128,14542.053925402495,False,False,False,False,True
285,456,0.5319741661846925,0,1,1.0,0.551134245871088,15454.390836320392,False,False,False,False,True
286,456,0.6111914401388086,0,1,1.0,0.5530766017608123,18050.439248791783,False,False,False,False,True
287,456,0.4852612299980721,0,1,1.0,0.5534188034188033,15345.343916232354,False,False,False,False,True
288,456,0.5492095623674571,0,1,1.0,0.5506080907396697,16433.156367936026,False,False,False,False,True
289,456,0.5213514555619819,0,1,1.0,0.5471169911959386,16635.90699385626,False,False,False,False,True
290,456,0.5187295160979372,0,1,1.0,0.5511181800655485,15749.555177104545,False,False,False,False,True
291,456,0.4808367071524966,0,1,1.0,0.5497557997557997,15024.289718396503,False,False,False,False,True
292,456,0.3478793136687873,0,1,1.0,0.5434965619176145,14751.598441111317,False,False,False,False,True
293,456,0.41124927703875075,0,1,1.0,0.5451272411798728,16101.054638459691,False,False,False,False,True
294,456,0.5330248698669752,0,1,1.0,0.5518178458967933,15711.61404263653,False,False,False,False,True
295,456,0.3241469057258531,0,1,1.0,0.551070785939207,13616.608559014765,False,False,False,False,True
296,456,0.4347792558318874,0,1,1.0,0.5457907589486536,16135.93456938817,False,False,False,False,True
297,456,0.35686331212647004,0,1,1.0,0.5440090611143242,13851.564176853451,False,False,False,False,True
298,456,0.5006265664160401,0,1,1.0,0.550599254546623,14948.519414798928,False,False,False,False,True
299,456,0.5510507036822826,0,1,1.0,0.5481556455240666,16855.72427653812,False,False,False,False,True
300,456,0.3716020821283979,0,1,1.0,0.5410858877964141,16593.891882839565,False,False,False,False,True
301,456,0.31994409099672255,0,1,1.0,0.544394640447272,15137.73946028072,False,False,False,False,True
302,456,0.4682860998650472,0,1,1.0,0.5481082513977251,15554.97570886476,False,False,False,False,True
303,456,0.4783400809716599,0,1,1.0,0.5479443801812223,16241.933869121074,False,False,False,False,True
304,456,0.4368324657798342,0,1,1.0,0.5459618597776492,14555.241897071368,False,False,False,False,True
305,456,0.42902448428764217,2,1,0.9956140350877193,0.5384229805282437,17908.74955911967,False,False,False,True,False
306,456,0.4063138615770195,0,1,1.0,0.5508490778227619,15526.556749583793,False,False,False,False,True
307,456,0.25474262579525736,0,1,1.0,0.5420482295482296,13415.037841204226,False,False,False,False,True
308,456,0.3912087912087912,0,1,1.0,0.5472463209305314,14169.91717379635,False,False,False,False,True
309,456,0.4910352805089647,1,1,0.9978070175438597,0.5467121328963434,15073.110873583117,False,False,False,True,False
310,456,0.5532581453634086,0,1,1.0,0.5474985540775015,17370.824489621773,False,False,False,False,True
311,456,0.535801041064199,0,1,1.0,0.5479572328256538,17105.021373076594,False,False,False,False,True
312,456,0.31514362830152304,0,1,1.0,0.540045626887732,13685.54125895155,False,False,False,False,True
313,456,0.4414015808752651,0,1,1.0,0.5458967932652143,15110.21925861091,False,False,False,False,True
314,456,0.5124156545209176,0,1,1.0,0.5445311997943577,16020.964391014326,False,False,False,False,True
315,456,0.46307113938692884,1,1,0.9978070175438597,0.5457658569500675,14527.932001295418,False,False,False,True,False
316,456,0.49630807788702525,0,1,1.0,0.5476198509093245,16813.739587743326,False,False,False,False,True
317,456,0.45127241179872757,2,1,0.9956140350877193,0.5418674892359102,12907.129379439446,False,False,False,True,False
318,456,0.382494698284172,1,1,0.9978070175438597,0.5485508643403381,15825.987991297128,False,False,False,True,False
319,456,0.4456333140543667,0,1,1.0,0.5478704774757406,15166.105073378209,False,False,False,False,True
320,456,0.5159051474840949,1,1,0.9978070175438597,0.5453810809073967,15695.239378121436,False,False,False,True,False
321,456,0.36728359359938306,0,1,1.0,0.5497276845961057,15296.822557294545,False,False,False,False,True
322,456,0.45106034316560634,0,1,1.0,0.5548221515326779,15267.24032187488,False,False,False,False,True
323,456,0.43843262001156735,0,1,1.0,0.5436515969410706,15406.166573941806,False,False,False,False,True
324,456,0.5109793715056873,1,1,0.9978070175438597,0.5481917935865304,14624.11797842367,False,False,False,True,False
325,456,0.4748023905918643,0,1,1.0,0.5473025512499197,16136.05182567595,False,False,False,False,True
326,456,0.3891652207441681,0,1,1.0,0.5455738705738705,14023.907772656989,False,False,False,False,True
327,456,0.35105070368228264,0,1,1.0,0.5381442388021335,15734.505992906234,False,False,False,False,True
328,456,0.4078465394254868,0,1,1.0,0.5462253389884969,15370.632014531413,False,False,False,False,True
329,456,0.46234817813765183,0,1,1.0,0.5472013366750209,15571.993599985775,False,False,False,False,True
330,456,0.48221515326778486,0,1,1.0,0.5438451898978215,16079.500618150818,False,False,False,False,True
331,456,0.3372758820127241,0,1,1.0,0.5398359681254418,14258.164204769164,False,False,False,False,True
332,456,0.329438982070561,0,1,1.0,0.5492746288798921,13997.558159345173,False,False,False,False,True
333,456,0.2902641218430692,0,1,1.0,0.5410834779255832,13403.514899435959,False,False,False,False,True
334,456,0.45853094274146905,0,1,1.0,0.548456076087655,13996.93578501817,False,False,False,False,True
335,456,0.4516772700983227,0,1,1.0,0.5457835293361609,16688.456400236377,False,False,False,False,True
336,456,0.4653364179679969,0,1,1.0,0.5442412120043698,15201.095072249833,False,False,False,False,True
337,456,0.5417582417582417,0,1,1.0,0.5504048582995952,15180.785419218764,False,False,False,False,True
338,456,0.6000867553499133,0,1,1.0,0.547227041963884,17836.828175867795,False,False,False,False,True
339,456,0.5267206477732793,0,1,1.0,0.5444307885097359,15087.942309221155,False,False,False,False,True
340,456,0.5189319452477347,1,1,0.9978070175438597,0.5431479339374076,16465.375243869625,False,False,False,True,False
341,456,0.4124252940042414,0,1,1.0,0.5500530171582804,15367.212837610492,False,False,False,False,True
342,456,0.3846250240987083,0,1,1.0,0.5452067669172932,15612.922452100634,False,False,False,False,True
343,456,0.4876614613456719,0,1,1.0,0.5522403765824819,15877.912242564944,False,False,False,False,True
344,456,0.4777520724889146,0,1,1.0,0.5469812351391299,16250.234742112425,False,False,False,False,True
345,456,0.53841334104492,0,1,1.0,0.5447745967482809,16084.464649861318,False,False,False,False,True
346,456,0.30381723539618277,0,1,1.0,0.544552085341559,14120.98207034638,False,False,False,False,True
347,456,0.4758048968575284,0,1,1.0,0.5453850973587816,15021.910382852187,False,False,False,False,True
348,456,0.4697609408135724,0,1,1.0,0.5458622517833044,15913.079290609023,False,False,False,False,True
349,456,0.41180836707152496,2,1,0.9956140350877193,0.5433977572135467,15430.9522048033,False,False,False,True,False
350,456,0.38376711008289954,0,1,1.0,0.5440299466615256,15643.419909208587,False,False,False,False,True
351,456,0.5062463851937536,0,1,1.0,0.5485347985347986,15224.806959727615,False,False,False,False,True
352,456,0.5783497204549836,0,1,1.0,0.5519182571814151,17176.260605144755,False,False,False,False,True
353,456,0.5167437825332563,0,1,1.0,0.5516435319066898,16674.333120443516,False,False,False,False,True
354,456,0.4512627723154039,0,1,1.0,0.5466567058672321,14886.291961981702,False,False,False,False,True
355,456,0.49478503952188163,0,1,1.0,0.5527103013945119,15315.458822144163,False,False,False,False,True
356,456,0.5318681318681319,0,1,1.0,0.5490778227620332,16564.835732881766,False,False,False,False,True
357,456,0.34443801812222863,0,1,1.0,0.5426177623546045,14852.135416017323,False,False,False,False,True
358,456,0.35729708887603623,0,1,1.0,0.546599672257567,13565.101808046138,False,False,False,False,True
359,456,0.4713032581453634,0,1,1.0,0.54609440267335,15111.021096034074,False,False,False,False,True
360,456,0.337690379795643,0,1,1.0,0.5439407814407814,15068.001105422938,False,False,False,False,True
361,456,0.5006747638326585,0,1,1.0,0.5440524387892809,16056.070621264053,False,False,False,False,True
362,456,0.5677077308656256,0,1,1.0,0.5517069918385707,17215.28181549737,False,False,False,False,True
363,456,0.4807692307692308,0,1,1.0,0.5476841141314825,14823.443991259754,False,False,False,False,True
364,456,0.3935029882398303,0,1,1.0,0.5431182121971595,15467.704724111218,False,False,False,False,True
365,456,0.31653171390013496,0,1,1.0,0.545622871280766,14373.545166278323,False,False,False,False,True
366,456,0.3932234432234432,0,1,1.0,0.5387105584474005,14608.834797422189,False,False,False,False,True
367,456,0.43989782147676887,1,1,0.9978070175438597,0.5488561146455883,15579.062624690008,False,False,False,True,False
368,456,0.47330827067669173,0,1,1.0,0.5460357624831309,14869.59534462685,False,False,False,False,True
369,456,0.44862155388471175,1,1,0.9978070175438597,0.5447601375232954,15787.028477820224,False,False,False,True,False
370,456,0.47529400424137264,1,1,0.9978070175438597,0.5425711715185398,16134.5118600582,False,False,False,True,False
371,456,0.5319066898014266,0,1,1.0,0.5507470599575863,15650.960240732029,False,False,False,False,True
372,456,0.4545498361287835,0,1,1.0,0.5530147484094853,15660.091884495298,False,False,False,False,True
373,456,0.4115577405051089,0,1,1.0,0.54908665895508,15186.627661204227,False,False,False,False,True
374,456,0.5577790630422209,0,1,1.0,0.5595479082321186,15814.261153379128,False,False,False,False,True
375,456,0.43318874108347794,0,1,1.0,0.5441761454919349,15462.248169203043,False,False,False,False,True
376,456,0.43346828609986504,0,1,1.0,0.5463056680161943,16590.138943986738,False,False,False,False,True
377,456,0.48528050896471947,0,1,1.0,0.5481701047490521,16199.719114378813,False,False,False,False,True
378,456,0.3924908424908425,0,1,1.0,0.5445665445665445,15377.718167677718,False,False,False,False,True
379,456,0.5376229034123771,0,1,1.0,0.55025223314697,16834.38548672624,False,False,False,False,True
380,456,0.5347792558318875,0,1,1.0,0.5543859649122806,15097.238819883582,False,False,False,False,True
381,456,0.37658569500674766,1,1,0.9978070175438597,0.5508763896921791,14449.889863510894,False,False,False,True,False
382,456,0.43250433776749564,0,1,1.0,0.5459152689415847,15021.349882225948,False,False,False,False,True
383,456,0.4294100636205899,0,1,1.0,0.5398986247670458,18522.391547316423,False,False,False,False,True
384,456,0.49065934065934064,0,1,1.0,0.5493999421631001,15701.650956030542,False,False,False,False,True
385,456,0.36071910545594754,0,1,1.0,0.5425615320352162,14273.601181309572,False,False,False,False,True
386,456,0.48049932523616734,0,1,1.0,0.5462887989203778,16102.41193708418,False,False,False,False,True
387,456,0.3601889338731444,0,1,1.0,0.5485950453055716,15807.353000263602,False,False,False,False,True
388,456,0.31978021978021975,0,1,1.0,0.5416120429278324,14607.88874574303,False,False,False,False,True
389,456,0.47017543859649125,0,1,1.0,0.5512868710237131,14790.110941504145,False,False,False,False,True
390,456,0.4634374397532292,0,1,1.0,0.5462245356982198,16084.018647316256,False,False,False,False,True
391,456,0.4754771544245228,1,1,0.9978070175438597,0.5456076087655034,14809.323968231383,False,False,False,True,False
392,456,0.45099286678234046,0,1,1.0,0.5517415333204806,15352.538884956684,False,False,False,False,True
393,456,0.46794871794871795,1,1,0.9978070175438597,0.5474840948525159,15570.176383071432,False,False,False,True,False
394,456,0.42672064777327934,0,1,1.0,0.5478166570271833,15343.114010515803,False,False,False,False,True
395,456,0.3783882783882784,0,1,1.0,0.5436885482938114,15584.873518790528,False,False,False,False,True
396,456,0.5259205706574127,0,1,1.0,0.5514595784332627,15012.87915994583,False,False,False,False,True
397,456,0.5108444187391555,0,1,1.0,0.554880791722897,16026.48319177176,False,False,False,False,True
398,456,0.40304607673028725,0,1,1.0,0.5509567187198766,14235.73729273775,False,False,False,False,True
399,456,0.48179101600154234,0,1,1.0,0.5515728423623161,15023.61281077139,False,False,False,False,True
400,456,0.5784750337381916,0,1,1.0,0.5473507486665381,16680.927213980114,False,False,False,False,True
401,456,0.49710815500289185,0,1,1.0,0.5527311869417132,15346.246022567087,False,False,False,False,True
402,456,0.5103335261229998,0,1,1.0,0.5466237709658762,16011.005892694324,False,False,False,False,True
403,456,0.5445247734721419,0,1,1.0,0.5466486729644624,16539.058192315333,False,False,False,False,True
404,456,0.5211393869288606,0,1,1.0,0.5506241565452091,15479.265935399651,False,False,False,False,True
405,456,0.4627048390206285,0,1,1.0,0.5498200629779577,15519.815367908821,False,False,False,False,True
406,456,0.3729130518604203,0,1,1.0,0.5454790823211876,15698.363709563782,False,False,False,False,True
407,456,0.4446308077887025,0,1,1.0,0.551634695713643,15339.497337786153,False,False,False,False,True
408,456,0.4904472720262194,0,1,1.0,0.5527199408778356,14475.414322524903,False,False,False,False,True
409,456,0.4269423558897243,0,1,1.0,0.5499638519375362,14891.639448546102,False,False,False,False,True
410,456,0.3653749759012917,0,1,1.0,0.5468149540517961,14814.442170560947,False,False,False,False,True
411,456,0.3499421631000578,0,1,1.0,0.5400343808238545,15573.582078619256,False,False,False,False,True
412,456,0.3961731251204935,0,1,1.0,0.5505968446757921,15208.249349073949,False,False,False,False,True
413,456,0.5167630614999036,0,1,1.0,0.5402954501638713,16159.003888758161,False,False,False,False,True
414,456,0.4848274532485059,0,1,1.0,0.5513238223764539,15639.402861237853,False,False,False,False,True
415,456,0.41684017736649315,0,1,1.0,0.5453087847824689,16473.121633076975,False,False,False,False,True
416,456,0.39454405243878926,0,1,1.0,0.5440950131739605,14045.803005042437,False,False,False,False,True
417,456,0.5423076923076923,0,1,1.0,0.5492280380438276,16271.739675677529,False,False,False,False,True
418,456,0.44442837863890494,0,1,1.0,0.5463610950453056,15587.25906832392,False,False,False,False,True
419,456,0.4394929631771737,0,1,1.0,0.5443641154167469,15968.741454897776,False,False,False,False,True
420,456,0.420686331212647,0,1,1.0,0.5431455240665768,15917.913822474578,False,False,False,False,True
421,456,0.37953537690379796,0,1,1.0,0.5471306471306471,15267.768568289155,False,False,False,False,True
422,456,0.27346250240987086,0,1,1.0,0.5338233404022877,15845.516292598459,False,False,False,False,True
423,456,0.489107383844226,0,1,1.0,0.543859649122807,15002.916821174977,False,False,False,False,True
424,456,0.40759591285907076,0,1,1.0,0.5398857721226142,15842.334434939123,False,False,False,False,True
425,456,0.4501638712165028,0,1,1.0,0.5446613328192276,15635.480499273363,False,False,False,False,True
426,456,0.34945054945054943,0,1,1.0,0.5386856564488144,15463.19706696504,False,False,False,False,True
427,456,0.5501156737998844,0,1,1.0,0.5498650472334683,17563.400859819332,False,False,False,False,True
428,456,0.2787352997879314,0,1,1.0,0.5418875714928346,14711.820687880674,False,False,False,False,True
429,456,0.35962020435704645,0,1,1.0,0.546630197288092,14971.12852076196,False,False,False,False,True
430,456,0.5579332947754,0,1,1.0,0.55437552213868,16841.166419633388,False,False,False,False,True
431,456,0.4402255639097744,1,1,0.9978070175438597,0.546000417710944,15323.512653464451,False,False,False,True,False
432,456,0.5091189512242144,0,1,1.0,0.5482086626823469,16881.707126371628,False,False,False,False,True
433,456,0.5030749951802583,0,1,1.0,0.5537095944990681,15009.950840282858,False,False,False,False,True
434,456,0.4531039136302294,0,1,1.0,0.5428804382751751,15925.000386120197,False,False,False,False,True
435,456,0.4658762290341238,0,1,1.0,0.545878317588844,17072.57173302603,False,False,False,False,True
436,456,0.4307210333526123,0,1,1.0,0.5463289634342267,15430.173418550768,False,False,False,False,True
438,456,0.4562753036437247,0,1,1.0,0.5466663453505558,15655.18524448018,False,False,False,False,True
439,456,0.5462309620204358,0,1,1.0,0.5511695906432748,15450.095977540994,False,False,False,False,True
440,456,0.3104299209562367,0,1,1.0,0.5381723539618276,15538.457888990086,False,False,False,False,True
441,456,0.5024484287642182,0,1,1.0,0.5496827003405951,15925.800476480603,False,False,False,False,True
442,456,0.44745517640254484,0,1,1.0,0.5460799434483644,16374.114369678033,False,False,False,False,True
443,456,0.3014555619818778,0,1,1.0,0.542691665060086,15210.426359079353,False,False,False,False,True
444,456,0.3716213610950453,0,1,1.0,0.5415887475098002,15009.957875599921,False,False,False,False,True
445,456,0.5192404087140929,0,1,1.0,0.5470631707473812,16117.006163213924,False,False,False,False,True
446,456,0.5451898978214768,0,1,1.0,0.5480126598547651,16461.984897583265,False,False,False,False,True
447,456,0.3345768266820898,0,1,1.0,0.5446557097872887,15023.586818440375,False,False,False,False,True
448,456,0.49031231925968766,0,1,1.0,0.5470824497140286,15769.841852098083,False,False,False,False,True
449,456,0.5660111818006555,0,1,1.0,0.5515013495276653,16203.90017917115,False,False,False,False,True
450,456,0.450944669365722,1,1,0.9978070175438597,0.5486697513013302,14626.991886484355,False,False,False,True,False
451,456,0.4741854636591479,0,1,1.0,0.5501140672193303,15751.04317304979,False,False,False,False,True
452,456,0.44919028340080974,0,1,1.0,0.5460486151275624,14229.87653229085,False,False,False,False,True
453,456,0.5398496240601504,0,1,1.0,0.5511495083863505,16432.54348777019,False,False,False,False,True
454,456,0.3954308849045691,0,1,1.0,0.5454702461281408,14072.202811197329,False,False,False,False,True
455,456,0.4257759784075574,0,1,1.0,0.5437793200951095,15244.883607663181,False,False,False,False,True
456,456,0.3069115095430885,0,1,1.0,0.5390053659790501,15639.974847399679,False,False,False,False,True
457,456,0.45810680547522653,0,1,1.0,0.5468053145684724,16436.241300615497,False,False,False,False,True
458,456,0.5235010603431656,0,1,1.0,0.5460333526123,14834.365214820984,False,False,False,False,True
459,456,0.3271544245228456,0,1,1.0,0.5440612749823276,13878.68227647686,False,False,False,False,True
460,456,0.5226142278773858,0,1,1.0,0.5483741404794036,16667.025794594858,False,False,False,False,True
461,456,0.3511278195488722,0,1,1.0,0.5449521238994923,16080.235058176086,False,False,False,False,True
462,456,0.4558318874108348,0,1,1.0,0.5496810937600412,15835.031739453998,False,False,False,False,True
463,456,0.5882301908617699,0,1,1.0,0.5538670393933551,15473.747464057255,False,False,False,False,True
464,456,0.4848274532485059,0,1,1.0,0.5487878349720455,14818.11611478802,False,False,False,False,True
465,456,0.5665027954501639,0,1,1.0,0.5487926547137073,16497.569860337007,False,False,False,False,True
466,456,0.46234817813765183,0,1,1.0,0.5484809780862412,15967.010498798436,False,False,False,False,True
467,456,0.5487275882012724,0,1,1.0,0.5487348178137652,15233.44213337997,False,False,False,False,True
468,456,0.2457971852708695,0,1,1.0,0.5416955851166377,13892.140394635891,False,False,False,False,True
469,456,0.5416714864083285,0,1,1.0,0.5497831116252169,16686.527236219725,False,False,False,False,True
470,456,0.48947368421052634,0,1,1.0,0.5516644174538912,15485.792102236694,False,False,False,False,True
471,456,0.5264025448235975,0,1,1.0,0.5527311869417133,15922.79114884063,False,False,False,False,True
472,456,0.43988818199344515,0,1,1.0,0.5497815050446629,14608.602860996369,False,False,False,False,True
473,456,0.41244457297088877,0,1,1.0,0.548710719105456,15571.522973767924,False,False,False,False,True
474,456,0.389010989010989,0,1,1.0,0.5456791016001542,16999.284884090193,False,False,False,False,True
475,456,0.43492384808174284,0,1,1.0,0.540524387892809,16555.44937307747,False,False,False,False,True
476,456,0.3752168883747831,0,1,1.0,0.5438492063492063,19238.241965528676,False,True,False,False,False
477,456,0.47250819356082513,0,1,1.0,0.5518347149926097,15194.902810488516,False,False,False,False,True
478,456,0.36274339695392327,0,1,1.0,0.5458116444958551,14510.41508439314,False,False,False,False,True
479,456,0.5349913244650086,0,1,1.0,0.5565773407878671,14551.958770607125,False,False,False,False,True
480,456,0.42753036437246966,0,1,1.0,0.5499028018764861,14939.279953092924,False,False,False,False,True
481,456,0.5169269327164064,0,1,1.0,0.5469025126919864,16718.196716038183,False,False,False,False,True
482,456,0.570811644495855,0,1,1.0,0.552737613263929,15448.906073362517,False,False,False,False,True
483,456,0.4333815307499518,0,1,1.0,0.5453955401323822,16065.29108984752,False,False,False,False,True
484,456,0.5368613842298052,0,1,1.0,0.5461426000899685,15747.201723065979,False,False,False,False,True
485,456,0.5857432041642568,0,1,1.0,0.5567588843904633,16371.355695341208,False,False,False,False,True
486,456,0.5325718141507615,1,1,0.9978070175438597,0.546945087076666,17608.90944218054,False,False,False,True,False
487,456,0.43082706766917295,0,1,1.0,0.5495124028018764,14188.832990366704,False,False,False,False,True
489,456,0.43255253518411413,0,1,1.0,0.5501927896664739,15587.525905616418,False,False,False,False,True
490,456,0.3759109311740891,0,1,1.0,0.5446806117858749,15598.1958960763,False,False,False,False,True
491,456,0.4722575669944091,0,1,1.0,0.5499421631000578,14606.067698637253,False,False,False,False,True
492,456,0.5227973780605359,0,1,1.0,0.5437126470021207,15554.51046225667,False,False,False,False,True
493,456,0.4418546365914787,0,1,1.0,0.5478423623160465,14755.479218752793,False,False,False,False,True
494,456,0.4421245421245421,1,1,0.9978070175438597,0.5460582546108862,15900.098304052299,False,False,False,True,False
495,456,0.5081839213418161,0,1,1.0,0.5484335839598997,15153.764545535472,False,False,False,False,True
496,456,0.37252747252747254,0,1,1.0,0.5435953666216824,14027.502238264406,False,False,False,False,True
497,456,0.42604588394062076,0,1,1.0,0.5427334361544888,15901.837790398124,False,False,False,False,True
498,456,0.33580104106419895,0,1,1.0,0.546192404087141,15421.825167616698,False,False,False,False,True
499,456,0.517129361866204,0,1,1.0,0.553147291305186,15386.483773335487,False,False,False,False,True
500,456,0.5013688066319645,0,1,1.0,0.553274211168948,14429.089166592023,False,False,False,False,True
501,456,0.5071717755928282,0,1,1.0,0.5459176788124157,16001.505330122745,False,False,False,False,True
502,456,0.3982648930017351,0,1,1.0,0.5437833365464944,15109.606115812698,False,False,False,False,True
503,456,0.5139194139194139,0,1,1.0,0.54521560311034,15017.490751542902,False,False,False,False,True
504,456,0.4594081357239252,0,1,1.0,0.550818552792237,14546.684759548587,False,False,False,False,True
505,456,0.4213128976286871,0,1,1.0,0.5431158023263286,14750.599556628484,False,False,False,False,True
506,456,0.48403701561596296,1,1,0.9978070175438597,0.5443817878028405,16455.8499245243,False,False,False,True,False
507,456,0.38314054366685946,1,1,0.9978070175438597,0.5397066383908489,13668.88178107662,False,False,False,True,False
508,456,0.49171968382494696,0,1,1.0,0.5437407621618148,15279.585356110087,False,False,False,False,True
509,456,0.3405918642760748,0,1,1.0,0.5447986954565902,15577.19701143364,False,False,False,False,True
510,456,0.5435029882398303,0,1,1.0,0.5540413533834586,15678.24216043191,False,False,False,False,True
511,456,0.4962116830537883,0,1,1.0,0.546661525608894,14988.244039776719,False,False,False,False,True
512,456,0.5726335068440331,0,1,1.0,0.5500273118694171,16479.044899830627,False,False,False,False,True
513,456,0.5688066319645267,2,1,0.9956140350877193,0.5432724439303386,16574.457223788067,False,False,False,True,False
514,456,0.47687487950645846,0,1,1.0,0.5527986633249792,14147.754296801788,False,False,False,False,True
515,456,0.5261037208405629,0,1,1.0,0.5483741404794036,15335.762961863917,False,False,False,False,True
516,456,0.41654135338345866,0,1,1.0,0.5441592763961185,15522.6751489387,False,False,False,False,True
517,456,0.3030749951802583,0,1,1.0,0.5441102756892231,15377.613227433574,False,False,False,False,True
518,456,0.44006169269327167,0,1,1.0,0.5501437889595785,15184.3503593193,False,False,False,False,True
520,456,0.4547040678619626,0,1,1.0,0.5515535633956686,15572.691423473128,False,False,False,False,True
521,456,0.5269327164064006,0,1,1.0,0.5445215603110339,17484.889664358216,False,False,False,False,True
522,456,0.5127337574705996,1,1,0.9978070175438597,0.548455272797378,15469.646457279396,False,False,False,True,False
523,456,0.45275689223057647,0,1,1.0,0.5523512306407043,14958.897164621734,False,False,False,False,True
524,456,0.25425101214574897,0,1,1.0,0.540959771222929,13063.571175127503,False,False,False,False,True
525,456,0.3093021014073646,0,1,1.0,0.5385033095559411,15423.681389131436,False,False,False,False,True
527,456,0.5280123385386544,0,1,1.0,0.5466800012852644,15934.401534301016,False,False,False,False,True
528,456,0.527674956622325,1,1,0.9978070175438597,0.5471507293875715,16684.82623430495,False,False,False,True,False
529,456,0.40006747638326584,0,1,1.0,0.5445769873401453,14286.009629736442,False,False,False,False,True
530,456,0.4567187198766146,0,1,1.0,0.5452854893644367,16957.359579681826,False,False,False,False,True
531,456,0.47326007326007324,0,1,1.0,0.5521544245228456,13695.360550373793,False,False,False,False,True
532,456,0.47800269905533066,0,1,1.0,0.5510458839406208,16236.137332787737,False,False,False,False,True
533,456,0.41135531135531134,0,1,1.0,0.5491035280508965,15363.711421044904,False,False,False,False,True
534,456,0.5066705224599961,0,1,1.0,0.5490505108926161,15792.937018838596,False,False,False,False,True
535,456,0.5358395989974938,0,1,1.0,0.5476776878092667,17123.447349363578,False,False,False,False,True
536,456,0.43283208020050123,0,1,1.0,0.5526918257181415,13087.313595010066,False,False,False,False,True
537,456,0.4835164835164835,1,1,0.9978070175438597,0.5435286935286935,15786.27081378765,False,False,False,True,False
538,456,0.355320994794679,0,1,1.0,0.5396255060728745,16569.290750810942,False,False,False,False,True
539,456,0.5728841334104492,0,1,1.0,0.5453537690379796,16960.08179138957,False,False,False,False,True
540,456,0.36004434162328897,0,1,1.0,0.5377096587622904,14626.130432205046,False,False,False,False,True
541,456,0.4833815307499518,0,1,1.0,0.549273825589615,15736.974711887016,False,False,False,False,True
542,456,0.5466840177366493,0,1,1.0,0.5444629201208149,17836.504431192192,False,False,False,False,True
543,456,0.5394929631771737,1,1,0.9978070175438597,0.5467820191504402,16787.339287702256,False,False,False,True,False
544,456,0.48865432812801235,0,1,1.0,0.5476760812287128,16270.035956692147,False,False,False,False,True
545,456,0.48312126470021205,0,1,1.0,0.5466189512242143,15961.977457174999,False,False,False,False,True
546,456,0.4544245228455755,0,1,1.0,0.5483797635113424,15516.867192341766,False,False,False,False,True
547,456,0.45668016194331984,0,1,1.0,0.548555684082,15622.384060819617,False,False,False,False,True
548,456,0.45317139001349527,0,1,1.0,0.550282758177495,16177.657005429202,False,False,False,False,True
549,456,0.4183728552149605,0,1,1.0,0.5470936957779063,14785.085467004397,False,False,False,False,True
551,456,0.5265374975901291,0,1,1.0,0.5503566608829766,16295.008278777463,False,False,False,False,True
552,456,0.44745517640254484,0,1,1.0,0.5414578111946533,18224.022056269703,False,False,False,False,True
553,456,0.42281665702718335,0,1,1.0,0.5457995951417004,15889.388207490802,False,False,False,False,True
554,456,0.5145748987854251,0,1,1.0,0.5513222157959,15452.924279984545,False,False,False,False,True
555,456,0.40056872951609795,0,1,1.0,0.5466727716727716,14924.826884204816,False,False,False,False,True
556,456,0.3807403123192597,0,1,1.0,0.5432411156095366,14682.578129715597,False,False,False,False,True
557,456,0.4598804704067862,0,1,1.0,0.5408440974230447,17265.44510204113,False,False,False,False,True
558,456,0.4000192789666474,0,1,1.0,0.5473780605359553,14477.487316947561,False,False,False,False,True
559,456,0.4432041642567958,0,1,1.0,0.5453971467129362,15222.42263057841,False,False,False,False,True
560,456,0.5100539811066127,0,1,1.0,0.5507470599575863,14563.698743436224,False,False,False,False,True
561,456,0.5000771158665895,0,1,1.0,0.548678587494377,14900.429537791171,False,False,False,False,True
562,456,0.45288220551378444,0,1,1.0,0.5472318617055458,14691.640278765899,False,False,False,False,True
564,456,0.41402544823597454,0,1,1.0,0.550915750915751,15345.149220105064,False,False,False,False,True
565,456,0.4637748216695585,0,1,1.0,0.5503052503052503,15306.102037434614,False,False,False,False,True
566,456,0.5213707345286293,0,1,1.0,0.5494248441616862,16827.58635392896,False,False,False,False,True
567,456,0.42465779834200884,1,1,0.9978070175438597,0.5414602210654842,14623.303804154197,False,False,False,True,False
568,456,0.49237516869095815,1,1,0.9978070175438597,0.5439921920185078,17564.503621008444,False,False,False,True,False
569,456,0.48639868903026795,0,1,1.0,0.5438034188034188,16164.830993341184,False,False,False,False,True
570,456,0.40243878928089455,0,1,1.0,0.5405693721483195,13683.357108677199,False,False,False,False,True
571,456,0.4940427993059572,0,1,1.0,0.5520371441424073,15848.0529636177,False,False,False,False,True
572,456,0.3432812801233854,0,1,1.0,0.5454557869031553,14376.641736446569,False,False,False,False,True
573,456,0.455668016194332,0,1,1.0,0.5473427157637684,15331.656544829342,False,False,False,False,True
574,456,0.5073934837092732,0,1,1.0,0.548926804189962,15767.854515285248,False,False,False,False,True
575,456,0.5690668980142665,0,1,1.0,0.5490754128912024,17115.53454473559,False,False,False,False,True
576,456,0.4670426065162907,0,1,1.0,0.5493091703618019,16050.332946637973,False,False,False,False,True
577,456,0.5681318681318681,0,1,1.0,0.5508209626630679,15404.34097849715,False,False,False,False,True
578,456,0.48787352997879313,0,1,1.0,0.5472149926097294,14661.185857363045,False,False,False,False,True
579,456,0.5800559090032774,0,1,1.0,0.5570207570207569,16247.269178081206,False,False,False,False,True
580,456,0.47405051089261613,0,1,1.0,0.5444187391555813,20202.74019744221,False,True,False,False,False
581,456,0.3744842876421824,0,1,1.0,0.5423791851423431,15901.506817719132,False,False,False,False,True
582,456,0.4931848852901484,2,1,0.9956140350877193,0.5446549064970118,14992.933042468569,False,False,False,True,False
583,456,0.4418739155581261,0,1,1.0,0.5487324079429342,14779.03458557755,False,False,False,False,True
584,456,0.4092442645074224,0,1,1.0,0.5359151082835293,15691.249907556268,False,False,False,False,True
585,456,0.5018700597647966,0,1,1.0,0.5516330891330891,15271.302250954077,False,False,False,False,True
586,456,0.47391555812608444,0,1,1.0,0.5495148126727074,15470.559631554639,False,False,False,False,True
587,456,0.4687102371312898,0,1,1.0,0.5486119144013881,14954.705315372596,False,False,False,False,True
588,456,0.4329477540003856,0,1,1.0,0.5464325878799563,15590.16692197166,False,False,False,False,True
589,456,0.47759784075573547,0,1,1.0,0.550126116573485,14640.312898575998,False,False,False,False,True
590,456,0.5692982456140351,0,1,1.0,0.54786003470214,16525.777569141108,False,False,False,False,True
591,456,0.5240408714092925,0,1,1.0,0.5454188355504145,16855.15369168414,False,False,False,False,True
592,456,0.4768170426065163,1,1,0.9978070175438597,0.5461417967996915,15948.849738079694,False,False,False,True,False
593,456,0.5158955080007711,0,1,1.0,0.5570062977957715,14288.577915358537,False,False,False,False,True
594,456,0.27666281087333716,0,1,1.0,0.5347101728680675,14524.668919029727,False,False,False,False,True
595,456,0.49802390591864276,0,1,1.0,0.5511141636141635,16140.560348951241,False,False,False,False,True
596,456,0.4691247349142086,0,1,1.0,0.5422498554077502,16894.322629030663,False,False,False,False,True
597,456,0.4059668401773665,0,1,1.0,0.542129361866204,14762.11227592375,False,False,False,False,True
598,456,0.45171582803161753,0,1,1.0,0.5484616991195939,15066.226659517342,False,False,False,False,True
599,456,0.5523327549643339,0,1,1.0,0.5544936058093952,16323.265808027238,False,False,False,False,True
600,456,0.4316078658183921,0,1,1.0,0.5477596234175182,14171.082753521014,False,False,False,False,True
601,456,0.4530171582803162,0,1,1.0,0.5464470471049419,14166.70436671471,False,False,False,False,True
602,456,0.48626373626373626,0,1,1.0,0.5427398624767046,15228.356419313732,False,False,False,False,True
603,456,0.3366782340466551,0,1,1.0,0.5486392262708052,14897.551013887582,False,False,False,False,True
604,456,0.3763832658569501,0,1,1.0,0.5462044534412955,15098.181398754972,False,False,False,False,True
605,456,0.4520821283979179,0,1,1.0,0.5415758948653685,15735.391999923411,False,False,False,False,True
606,456,0.4756410256410256,1,1,0.9978070175438597,0.540045626887732,16033.994792167163,False,False,False,True,False
607,456,0.43724696356275305,0,1,1.0,0.544959353511985,15210.302699508538,False,False,False,False,True
608,456,0.4338731443994602,0,1,1.0,0.5453585887796414,15608.229964556172,False,False,False,False,True
609,456,0.5106516290726817,0,1,1.0,0.5495838956365272,16493.441855343746,False,False,False,False,True
610,456,0.4545112781954887,0,1,1.0,0.5412393162393161,16078.510352892768,False,False,False,False,True
611,456,0.45366300366300366,0,1,1.0,0.5503992352676563,14673.354654818904,False,False,False,False,True
612,456,0.49789859263543473,1,1,0.9978070175438597,0.5474326842747896,16519.25036734166,False,False,False,True,False
613,456,0.5925968768074031,0,1,1.0,0.5449175824175824,17507.434140847996,False,False,False,False,True
614,456,0.367032967032967,0,1,1.0,0.5461385836385836,14843.948411400643,False,False,False,False,True
615,456,0.4182379024484288,0,1,1.0,0.5459506137137716,16136.253198428145,False,False,False,False,True
616,456,0.4968864468864469,0,1,1.0,0.5449095495148126,16926.849977074453,False,False,False,False,True
617,456,0.49675149411991515,0,1,1.0,0.5519616348563717,15321.597233459517,False,False,False,False,True
618,456,0.4180451127819549,0,1,1.0,0.545810037915301,15114.515337675157,False,False,False,False,True
619,456,0.45776942355889727,0,1,1.0,0.545275046590836,17298.70237656516,False,False,False,False,True
620,456,0.4673510699826489,0,1,1.0,0.5465233596812543,15431.143092525535,False,False,False,False,True
621,456,0.421978021978022,0,1,1.0,0.5460783368678105,14154.456456058511,False,False,False,False,True
622,456,0.36152882205513787,0,1,1.0,0.5496738641475484,15179.23365220189,False,False,False,False,True
623,456,0.4202718334297282,0,1,1.0,0.5470961056487372,14186.722536887026,False,False,False,False,True
624,456,0.5804511278195489,0,1,1.0,0.5499927703875073,15576.7811022012,False,False,False,False,True
625,456,0.4776267592057066,0,1,1.0,0.5452557676241887,15107.944745615778,False,False,False,False,True
626,456,0.48279352226720645,0,1,1.0,0.5453473427157637,15361.817268103427,False,False,False,False,True
627,456,0.3169172932330827,0,1,1.0,0.5437552213868002,14607.28888202132,False,False,False,False,True
628,456,0.4917004048582996,0,1,1.0,0.5464631129104813,15133.655149515947,False,False,False,False,True
629,456,0.42797378060535957,0,1,1.0,0.5423269712743397,15324.093293679192,False,False,False,False,True
630,456,0.557335646809331,0,1,1.0,0.5486167341430499,16119.058766274991,False,False,False,False,True
631,456,0.4636784268363216,0,1,1.0,0.5497630293682925,15932.258290114045,False,False,False,False,True
632,456,0.4110468478889531,1,1,0.9978070175438597,0.5392383201593728,14986.023284020328,False,False,False,True,False
633,456,0.4697127433969539,0,1,1.0,0.5474326842747896,15203.919608832615,False,False,False,False,True
634,456,0.43930017351069983,1,1,0.9978070175438597,0.5454638198059251,15756.04845150547,False,False,False,True,False
635,456,0.4811837285521496,0,1,1.0,0.5488127369706317,15439.240235456968,False,False,False,False,True
636,456,0.5253229226913437,0,1,1.0,0.5446452670136881,16034.29350492551,False,False,False,False,True
637,456,0.49867939078465395,0,1,1.0,0.5422771672771672,16611.42355179156,False,False,False,False,True
638,456,0.452708694813958,0,1,1.0,0.5497734721418932,14649.9167634335,False,False,False,False,True
639,456,0.3299595141700405,0,1,1.0,0.542694878221194,16204.63642614093,False,False,False,False,True
640,456,0.47628687102371314,0,1,1.0,0.5472230255124991,17278.19524974755,False,False,False,False,True
641,456,0.49834200886832464,0,1,1.0,0.5538678426836322,16034.610941222363,False,False,False,False,True
642,456,0.3509543088490457,0,1,1.0,0.5413373176531071,16062.447813187873,False,False,False,False,True
643,456,0.4724117987275882,0,1,1.0,0.5464004562688772,15351.693443084103,False,False,False,False,True
644,456,0.4578561789088105,0,1,1.0,0.5471105648737228,14411.192556450862,False,False,False,False,True
645,456,0.5248409485251591,0,1,1.0,0.5496931431141958,15919.87671906024,False,False,False,False,True
646,456,0.42660497397339503,0,1,1.0,0.550377546430178,15124.140717646891,False,False,False,False,True
647,456,0.5182668208983998,2,1,0.9956140350877193,0.5412834972045498,17492.66162259465,False,False,False,True,False
648,456,0.32727973780605357,0,1,1.0,0.54518106162843,15407.413627020753,False,False,False,False,True
649,456,0.3083188741083478,0,1,1.0,0.5426699762226077,14309.504160376364,False,False,False,False,True
650,456,0.4773954116059379,0,1,1.0,0.5501381659276395,15562.586020458522,False,False,False,False,True
651,456,0.4987372276845961,0,1,1.0,0.5472077629972366,17753.239663789474,False,False,False,False,True
652,456,0.4683632157316368,1,1,0.9978070175438597,0.5453288670393933,16649.392511512495,False,False,False,True,False
653,456,0.5710140736456526,0,1,1.0,0.5550205642310906,15907.876845865952,False,False,False,False,True
654,456,0.5289762868710237,0,1,1.0,0.5496786838892102,16230.322249373552,False,False,False,False,True
655,456,0.5085020242914979,0,1,1.0,0.5466711650922177,16464.34417305279,False,False,False,False,True
656,456,0.48192596876807403,1,1,0.9978070175438597,0.5389909067540646,17055.135362223868,False,False,False,True,False
657,456,0.4487757856178909,0,1,1.0,0.5490585437953859,15303.077930478868,False,False,False,False,True
659,456,0.4821380374011953,1,1,0.9978070175438597,0.5386985090932459,16639.107786420733,False,False,False,True,False
660,456,0.37156352419510313,0,1,1.0,0.5444653299916458,15760.006652877519,False,False,False,False,True
661,456,0.47391555812608444,0,1,1.0,0.5456975772765246,16718.429807837594,False,False,False,False,True
662,456,0.41670522459996145,0,1,1.0,0.5507486665381403,14109.441211146155,False,False,False,False,True
663,456,0.5504819741661847,0,1,1.0,0.5450750273118694,17139.31557310098,False,False,False,False,True
664,456,0.558877964141122,0,1,1.0,0.5497718655613392,16603.814471743477,False,False,False,False,True
665,456,0.493512627723154,0,1,1.0,0.5492545466229677,15762.586229831373,False,False,False,False,True
666,456,0.527395411605938,0,1,1.0,0.547289698605488,17672.882947236398,False,False,False,False,True
667,456,0.4847696163485637,0,1,1.0,0.5454847053531263,14778.935332200866,False,False,False,False,True
668,456,0.5024291497975708,0,1,1.0,0.5495340916393547,16300.919024823788,False,False,False,False,True
669,456,0.49807210333526125,0,1,1.0,0.5491605616605617,15943.541770947379,False,False,False,False,True
670,456,0.46902834008097166,0,1,1.0,0.5502297410192147,14792.820263113434,False,False,False,False,True
671,456,0.2882205513784461,0,1,1.0,0.5430949167791272,13917.15376846649,False,False,False,False,True
672,456,0.490302679776364,0,1,1.0,0.550502056423109,14334.123423522142,False,False,False,False,True
673,456,0.46671486408328516,0,1,1.0,0.5432491485123064,16432.935357410395,False,False,False,False,True
674,456,0.3691150954308849,0,1,1.0,0.546821380374012,13730.184750578153,False,False,False,False,True
675,456,0.4595238095238095,0,1,1.0,0.5481789409420987,14202.528815498968,False,False,False,False,True
676,456,0.45106998264893,0,1,1.0,0.5507020757020756,14673.680067065483,False,False,False,False,True
677,456,0.4451224214382109,0,1,1.0,0.550943062785168,18165.717457122446,False,False,False,False,True
678,456,0.4487372276845961,0,1,1.0,0.5489243943191311,14608.79133421382,False,False,False,False,True
679,456,0.5029111239637556,0,1,1.0,0.5508643403380246,16044.342654865039,False,False,False,False,True
680,456,0.5715635241951031,0,1,1.0,0.5504570721675984,15074.88129165468,False,False,False,False,True
681,456,0.590900327742433,0,1,1.0,0.5477813122549964,17566.22880244742,False,False,False,False,True
682,456,0.48609986504723346,0,1,1.0,0.5492296446243814,16239.717158938349,False,False,False,False,True
683,456,0.33348756506651245,0,1,1.0,0.54131000578369,14201.995353253198,False,False,False,False,True
684,456,0.4882398303450935,0,1,1.0,0.5463538654328128,15281.93883197454,False,False,False,False,True
685,456,0.5586466165413534,0,1,1.0,0.5477780990938885,16420.06105848343,False,False,False,False,True
686,456,0.35227491806439176,0,1,1.0,0.5425872373240794,14526.381616221413,False,False,False,False,True
687,456,0.5252554463080779,0,1,1.0,0.5500634599318809,15277.57245703316,False,False,False,False,True
688,456,0.4000385579332948,0,1,1.0,0.5421582803161751,14702.314557642823,False,False,False,False,True
689,456,0.46626180836707154,0,1,1.0,0.547572456782983,15794.444734616467,False,False,False,False,True
690,456,0.5075477154424523,0,1,1.0,0.5514523488207699,15575.846592177882,False,False,False,False,True
691,456,0.46937536148062464,1,1,0.9978070175438597,0.5496096009253904,14717.728388120959,False,False,False,True,False
692,456,0.3791016001542317,0,1,1.0,0.5400753486279802,14955.064628367394,False,False,False,False,True
693,456,0.470213996529786,2,1,0.9956140350877193,0.5440243236295867,15868.497573188228,False,False,False,True,False
694,456,0.302361673414305,0,1,1.0,0.5403613199665831,15511.087692725358,False,False,False,False,True
695,456,0.5155966840177366,0,1,1.0,0.5503373819163293,15626.984865339866,False,False,False,False,True
696,456,0.4991131675342202,0,1,1.0,0.554691215217531,15848.745040068468,False,False,False,False,True
697,456,0.30074224021592444,0,1,1.0,0.5445111175374333,13918.707292306155,False,False,False,False,True
698,456,0.3830730672835936,0,1,1.0,0.5464438339438339,15733.245063104161,False,False,False,False,True
699,456,0.519394640447272,0,1,1.0,0.5484327806696226,16242.300230179277,False,False,False,False,True
700,456,0.45567765567765567,0,1,1.0,0.5502104620525673,14903.269660042664,False,False,False,False,True
701,456,0.42201657991131675,0,1,1.0,0.5443351969667759,15088.566061183843,False,False,False,False,True
702,456,0.3711393869288606,1,1,0.9978070175438597,0.5428290276974487,15616.954073776049,False,False,False,True,False
703,456,0.3496818970503181,1,1,0.9978070175438597,0.5429085534348692,14990.392048258727,False,False,False,True,False
704,456,0.46385193753614806,0,1,1.0,0.5470808431334747,14844.232552935811,False,False,False,False,True
705,456,0.4437150568729516,0,1,1.0,0.5434949553370606,15205.051240226123,False,False,False,False,True
706,456,0.5740408714092925,0,1,1.0,0.5499389499389499,16699.988818916605,False,False,False,False,True
707,456,0.46951995373048006,0,1,1.0,0.550379153010732,16180.255959255785,False,False,False,False,True
708,456,0.40445344129554656,0,1,1.0,0.5504024484287642,14573.059364373452,False,False,False,False,True
709,456,0.4295064584538269,0,1,1.0,0.546631803868646,15144.741341187146,False,False,False,False,True
710,456,0.48096202043570463,0,1,1.0,0.552422723475355,16656.182402166392,False,False,False,False,True
711,456,0.48155966840177367,0,1,1.0,0.5464366043313411,17740.22469932429,False,False,False,False,True
712,456,0.45347021399652976,0,1,1.0,0.5488593278066962,14823.84795542705,False,False,False,False,True
713,456,0.3022074416811259,0,1,1.0,0.5432234432234432,14814.523711770937,False,False,False,False,True
714,456,0.3802390591864276,0,1,1.0,0.5467996915365336,15211.12373021085,False,False,False,False,True
715,456,0.43455754771544247,1,1,0.9978070175438597,0.542603303129619,15646.262922610566,False,False,False,True,False
716,456,0.552930402930403,0,1,1.0,0.5453489492963177,15441.406116606242,False,False,False,False,True
717,456,0.4484191247349142,1,1,0.9978070175438597,0.5387338538654327,16185.976019439107,False,False,False,True,False
718,456,0.4561114324272219,0,1,1.0,0.5443729516097937,16049.292055672035,False,False,False,False,True
719,456,0.5127337574705996,0,1,1.0,0.5519455690508321,15231.453282665756,False,False,False,False,True
720,456,0.5934258723732408,1,1,0.9978070175438597,0.5504610886189834,16097.556346329517,False,False,False,True,False
721,456,0.4562463851937536,0,1,1.0,0.545682314761262,17031.457689908675,False,False,False,False,True
722,456,0.4142085984191247,1,1,0.9978070175438597,0.5401637105584474,15974.062439298943,False,False,False,True,False
723,456,0.42937150568729515,0,1,1.0,0.5462036501510186,15484.7518033283,False,False,False,False,True
724,456,0.4907942934258724,0,1,1.0,0.5507165349270612,15446.913082925603,False,False,False,False,True
725,456,0.3653074995180258,0,1,1.0,0.5522259173574963,14196.216209978029,False,False,False,False,True
726,456,0.386176980913823,0,1,1.0,0.5456421502474134,15187.672930161649,False,False,False,False,True
727,456,0.5267784846732215,0,1,1.0,0.5479548229548229,17135.638819551947,False,False,False,False,True
728,456,0.4179583574320416,0,1,1.0,0.5445046912152175,15711.852674934817,False,False,False,False,True
729,456,0.4355986119144014,2,1,0.9956140350877193,0.5470117601696549,15589.418506491342,False,False,False,True,False
730,456,0.30648737227684597,0,1,1.0,0.5459626630679262,14056.442953667554,False,False,False,False,True
731,456,0.5516097937150569,1,1,0.9978070175438597,0.5439954051796156,16385.109981780446,False,False,False,True,False
732,456,0.22546751494119915,0,1,1.0,0.5370814857656963,13506.65406042063,False,False,False,False,True
733,456,0.5890977443609022,0,1,1.0,0.5490794293425872,16151.843389632866,False,False,False,False,True
734,456,0.5215153267784847,0,1,1.0,0.5517118115802326,14774.530805904973,False,False,False,False,True
735,456,0.5012049354154617,0,1,1.0,0.5525359874044085,14889.721259785947,False,False,False,False,True
736,456,0.33100057836899943,0,1,1.0,0.5434652335968125,14553.633424671334,False,False,False,False,True
737,456,0.3456140350877193,0,1,1.0,0.5440138808559861,14251.269519780877,False,False,False,False,True
738,456,0.457557354925776,0,1,1.0,0.5531641604010025,15040.444708422774,False,False,False,False,True
739,456,0.5364854443801812,0,1,1.0,0.5491685945633314,15626.85303283326,False,False,False,False,True
740,456,0.37844611528822053,0,1,1.0,0.5474865047233468,15584.861683815196,False,False,False,False,True
741,456,0.4647098515519568,0,1,1.0,0.5484030589293747,14814.14332342563,False,False,False,False,True
742,456,0.6283400809716599,1,1,0.9978070175438597,0.5497220615641668,17010.546305983407,False,False,False,True,False
743,456,0.37700019278966646,1,1,0.9978070175438597,0.5380261551314183,15485.002441915405,False,False,False,True,False
744,456,0.5010989010989011,1,1,0.9978070175438597,0.5507101086048454,16173.983477174059,False,False,False,True,False
745,456,0.4549836128783497,0,1,1.0,0.5479259045048518,15836.157411935297,False,False,False,False,True
746,456,0.48471177944862154,0,1,1.0,0.5517102049996787,15449.955517806276,False,False,False,False,True
747,456,0.47423366107576637,0,1,1.0,0.54584216952638,14619.74095607794,False,False,False,False,True
748,456,0.5441199151725468,0,1,1.0,0.5473154038943513,18186.691373898175,False,False,False,False,True
749,456,0.37467707730865624,0,1,1.0,0.5446372341109184,15806.601323079938,False,False,False,False,True
750,456,0.4251012145748988,0,1,1.0,0.5535328706381338,15085.60488522824,False,False,False,False,True
751,456,0.4785425101214575,1,1,0.9978070175438597,0.5426860420281472,15156.473737983,False,False,False,True,False
752,456,0.46766917293233085,0,1,1.0,0.5503181029496819,16325.162728465342,False,False,False,False,True
753,456,0.4441584731058415,1,1,0.9978070175438597,0.5468912666281087,16010.140633160412,False,False,False,True,False
754,456,0.3203971467129362,0,1,1.0,0.5414160401002506,15385.299295589197,False,False,False,False,True
755,456,0.5202043570464623,0,1,1.0,0.5496152239573292,15571.273541173392,False,False,False,False,True
756,456,0.505571621361095,0,1,1.0,0.5456782983098772,15265.47750690269,False,False,False,False,True
757,456,0.3410834779255832,0,1,1.0,0.5447978921663131,14329.128830065003,False,False,False,False,True
758,456,0.47715442452284557,0,1,1.0,0.5491782340466551,16685.332534680634,False,False,False,False,True
759,456,0.348235974551764,0,1,1.0,0.5462269455690508,15355.9796942229,False,False,False,False,True
760,456,0.5096684017736649,0,1,1.0,0.5491862669494249,16045.120268971741,False,False,False,False,True
761,456,0.43740119529593213,0,1,1.0,0.546818167212904,15528.321487673542,False,False,False,False,True
762,456,0.5096684017736649,0,1,1.0,0.5515342844290212,14747.129252834213,False,False,False,False,True
763,456,0.33055716213610953,0,1,1.0,0.5451947175631386,14228.083434356442,False,False,False,False,True
764,456,0.3235685367264315,0,1,1.0,0.5453931302615512,15068.54747202718,False,False,False,False,True
765,456,0.4877674956622325,0,1,1.0,0.5515310712679133,15191.953984847685,False,False,False,False,True
766,456,0.3665991902834008,0,1,1.0,0.5443592956750851,15315.569846090388,False,False,False,False,True
767,456,0.47017543859649125,0,1,1.0,0.5456060021849495,15026.302983089694,False,False,False,False,True
768,456,0.42129361866203974,0,1,1.0,0.5387651821862348,17214.739031725578,False,False,False,False,True
769,456,0.46668594563331406,0,1,1.0,0.546096009253904,15984.289153471753,False,False,False,False,True
770,456,0.42321187584345477,0,1,1.0,0.5454758691600796,14040.49268038669,False,False,False,False,True
771,456,0.34990360516676305,0,1,1.0,0.5417148640832852,14977.704986888164,False,False,False,False,True
772,456,0.2650086755349913,1,1,0.9978070175438597,0.5400070689544373,13676.440462311304,False,False,False,True,False
773,456,0.49807210333526125,0,1,1.0,0.5450782404729773,15833.279445541695,False,False,False,False,True
774,456,0.5114227877385772,0,1,1.0,0.551667630614999,15699.774537705865,False,False,False,False,True
775,456,0.4886157701947176,0,1,1.0,0.5469868581710686,16344.288582927105,False,False,False,False,True
776,456,0.48830730672835937,0,1,1.0,0.5450348627980207,16798.495992000557,False,False,False,False,True
777,456,0.5606998264893002,0,1,1.0,0.540836064520275,18371.83222835034,False,False,False,False,True
778,456,0.3220936957779063,0,1,1.0,0.5442492449071397,14567.365982507828,False,False,False,False,True
779,456,0.5324561403508772,0,1,1.0,0.5478086241244136,16587.231451859796,False,False,False,False,True
780,456,0.47752072488914593,0,1,1.0,0.5500498039971724,16254.057481947893,False,False,False,False,True
781,456,0.47674956622325043,0,1,1.0,0.5493453184242657,14786.272200211719,False,False,False,False,True
782,456,0.5580778870252554,0,1,1.0,0.5509896536212325,17980.50623995458,False,False,False,False,True
783,456,0.4053017158280316,0,1,1.0,0.5443271640640062,15732.566375356364,False,False,False,False,True
784,456,0.5309620204357046,0,1,1.0,0.5478070175438596,15845.639492250717,False,False,False,False,True
785,456,0.47433969539232695,0,1,1.0,0.5464671293618663,15450.081200101298,False,False,False,False,True
786,456,0.5298631193368035,1,1,0.9978070175438597,0.5434242657926868,18173.21547515847,False,False,False,True,False
787,456,0.5049257759784076,0,1,1.0,0.5496369127948075,15105.199652194977,False,False,False,False,True
788,456,0.4396182764603817,0,1,1.0,0.5482142857142858,14913.168728077686,False,False,False,False,True
789,456,0.5000385579332948,0,1,1.0,0.5466478696741854,17253.06081648962,False,False,False,False,True
790,456,0.49165220744168114,0,1,1.0,0.5531970953023585,15781.160678642556,False,False,False,False,True
791,456,0.5626759205706574,0,1,1.0,0.5510442773600668,16502.721308697277,False,False,False,False,True
792,456,0.47279737806053596,1,1,0.9978070175438597,0.5464807852965748,15144.956533804503,False,False,False,True,False
793,456,0.49598033545401965,0,1,1.0,0.5444805925069084,16634.823119895238,False,False,False,False,True
794,456,0.5593695777906305,0,1,1.0,0.5482793522267206,16239.222921096181,False,False,False,False,True
795,456,0.4722382880277617,0,1,1.0,0.546851905404537,14549.081461367574,False,False,False,False,True
796,456,0.5027761711972238,0,1,1.0,0.5511246063877643,16384.23261698822,False,False,False,False,True
797,456,0.4504819741661847,0,1,1.0,0.5428234046655099,15520.937295360261,False,False,False,False,True
798,456,0.43723732407942933,0,1,1.0,0.5475491613649508,14401.918539964938,False,False,False,False,True
799,456,0.4789473684210526,1,1,0.9978070175438597,0.5507149283465073,15140.58301312192,False,False,False,True,False
800,456,0.5077115866589551,2,1,0.9956140350877193,0.5479074288284815,14873.805003323707,False,False,False,True,False
801,456,0.4482456140350877,0,1,1.0,0.5438026155131418,15624.237362686938,False,False,False,False,True
802,456,0.5346925004819741,0,1,1.0,0.553116766274661,14908.38534772285,False,False,False,False,True
803,456,0.4711008289955658,0,1,1.0,0.5457570207570208,15138.91441319896,False,False,False,False,True
804,456,0.5040775014459224,0,1,1.0,0.5489412634149476,15351.290001045161,False,False,False,False,True
805,456,0.4572585309427415,0,1,1.0,0.5487910481331534,16381.755407404286,False,False,False,False,True
811,456,0.41496047811837283,0,1,1.0,0.5464494569757729,15115.433279669467,False,False,False,False,True
812,456,0.5051764025448235,0,1,1.0,0.5455843133474713,15391.835969503414,False,False,False,False,True
813,456,0.4296896086369771,0,1,1.0,0.5409067540646488,15483.93740516254,False,False,False,False,True
814,456,0.5110757663389243,0,1,1.0,0.5518788959578433,16141.116617699072,False,False,False,False,True
815,456,0.574937343358396,0,1,1.0,0.5520797185270869,15851.058095337528,False,False,False,False,True
816,456,0.28222479275110857,0,1,1.0,0.5353222800591221,15062.655037388238,False,False,False,False,True
817,456,0.5246577983420089,1,1,0.9978070175438597,0.5491220037272668,15229.894199667695,False,False,False,True,False
818,456,0.49709851551956813,0,1,1.0,0.5496746674378253,15955.932561686164,False,False,False,False,True
819,456,0.4112107191054559,0,1,1.0,0.5417237002763319,14960.118497309879,False,False,False,False,True
820,456,0.4821380374011953,0,1,1.0,0.5500594434804962,16031.31258321645,False,False,False,False,True
821,456,0.5867553499132446,0,1,1.0,0.5449063363537048,22053.060508216193,False,True,False,False,False
822,456,0.520936957779063,0,1,1.0,0.5427422723475355,17238.112620440326,False,False,False,False,True
823,456,0.5438403701561596,0,1,1.0,0.5509286035601825,15861.764744130895,False,False,False,False,True
824,456,0.48560825139772507,0,1,1.0,0.5512563459931881,14537.276231181726,False,False,False,False,True
825,456,0.3840852130325815,0,1,1.0,0.5461040421566737,14050.242655908101,False,False,False,False,True
826,456,0.5039714671293619,2,1,0.9956140350877193,0.5470278259751944,15365.714897364574,False,False,False,True,False
827,456,0.37842683632157315,0,1,1.0,0.5423446436604331,14852.961820388866,False,False,False,False,True
828,456,0.584788895315211,0,1,1.0,0.555319388214125,15926.92324887605,False,False,False,False,True
829,456,0.596818970503181,0,1,1.0,0.551794550478761,17321.13370734564,False,False,False,False,True
830,456,0.5411702332754964,0,1,1.0,0.5522468029046976,15256.947148460176,False,False,False,False,True
831,456,0.5257856178908811,0,1,1.0,0.5492352676563202,16551.953465660183,False,False,False,False,True
832,456,0.5112203585887797,0,1,1.0,0.5411091832144463,16901.994875799668,False,False,False,False,True
833,456,0.32313475997686525,0,1,1.0,0.5410513463145041,16056.545289279991,False,False,False,False,True
834,456,0.2732793522267207,0,1,1.0,0.533059411348885,15984.974770254734,False,False,False,False,True
835,456,0.418796992481203,0,1,1.0,0.5415550093181671,14178.364503182143,False,False,False,False,True
836,456,0.5620397146712937,0,1,1.0,0.5560905468800205,14713.636199999863,False,False,False,False,True
837,456,0.27872566030460766,0,1,1.0,0.5370790758948654,14407.943291025596,False,False,False,False,True
838,456,0.5701657991131676,0,1,1.0,0.5505904183535762,15865.62106278555,False,False,False,False,True
839,456,0.33709273182957394,0,1,1.0,0.5430202107833687,14413.719988855288,False,False,False,False,True
840,456,0.43501060343165604,0,1,1.0,0.5459618597776492,15367.397595568022,False,False,False,False,True
841,456,0.4608347792558319,1,1,0.9978070175438597,0.53973555684082,15512.092926752019,False,False,False,True,False
842,456,0.4506362058993638,0,1,1.0,0.5417429792429792,15405.380585531622,False,False,False,False,True
843,456,0.4858974358974359,0,1,1.0,0.544142407300302,16547.999789645077,False,False,False,False,True
844,456,0.5573067283593599,0,1,1.0,0.5501092474776684,16153.031095114127,False,False,False,False,True
845,456,0.45857914015808754,0,1,1.0,0.5511527215474583,15970.566294321758,False,False,False,False,True
846,456,0.38175245806824754,0,1,1.0,0.5441110789795,15054.589162138536,False,False,False,False,True
847,456,0.3499807210333526,0,1,1.0,0.5441303579461474,15647.980657930142,False,False,False,False,True
848,456,0.4998843262001157,0,1,1.0,0.548331566094724,17376.074196642658,False,False,False,False,True
849,456,0.40443416232889917,0,1,1.0,0.5484480431848853,15126.035041684285,False,False,False,False,True
850,456,0.37388663967611335,0,1,1.0,0.5446966775914144,16022.59506188797,False,False,False,False,True
851,456,0.5284268363215732,0,1,1.0,0.5486215538847118,16321.77091272025,False,False,False,False,True
852,456,0.3536437246963563,0,1,1.0,0.5484930274403959,14647.96927109243,False,False,False,False,True
853,456,0.4716117216117216,0,1,1.0,0.5474342908553435,15835.496189642337,False,False,False,False,True
854,456,0.46087333718912665,0,1,1.0,0.5530099286678234,14821.336485787737,False,False,False,False,True
855,456,0.43185849238480817,0,1,1.0,0.54965217531007,14952.449502819463,False,False,False,False,True
856,456,0.3852419510314247,0,1,1.0,0.5401010539168434,17006.355086990745,False,False,False,False,True
857,456,0.529882398303451,0,1,1.0,0.55044341623289,16351.24784196763,False,False,False,False,True
858,456,0.35535955272797376,0,1,1.0,0.5404504851873273,15913.55986056552,False,False,False,False,True
859,456,0.37486986697513014,0,1,1.0,0.5470479082321187,15774.302869109011,False,False,False,False,True
860,456,0.36451706188548294,0,1,1.0,0.544553691922113,14550.018629983133,False,False,False,False,True
861,456,0.503903990746096,0,1,1.0,0.5525584795321637,14789.574785163104,False,False,False,False,True
862,456,0.49090032774243303,0,1,1.0,0.5492095623674571,15002.655831171754,False,False,False,False,True
863,456,0.46256024677077306,1,1,0.9978070175438597,0.5403436475804897,16129.67536221657,False,False,False,True,False
864,456,0.5336610757663389,0,1,1.0,0.5491822504980399,16104.25759841322,False,False,False,False,True
865,456,0.43408521303258146,0,1,1.0,0.542818584923848,16820.09743693141,False,False,False,False,True
866,456,0.5254867939078466,0,1,1.0,0.5474535698219908,16134.095665314937,False,False,False,False,True
867,456,0.479911316753422,0,1,1.0,0.543544759334233,15790.128236399081,False,False,False,False,True
869,456,0.46164449585502215,0,1,1.0,0.5508048968575284,15319.589363171997,False,False,False,False,True
870,456,0.5838635049161365,0,1,1.0,0.546662328899171,16943.53730845984,False,False,False,False,True
871,456,0.3357721226142279,1,1,0.9978070175438597,0.5439166827324721,15157.685261798468,False,False,False,True,False
872,456,0.34975901291690764,0,1,1.0,0.5434692500481975,15240.187990603805,False,False,False,False,True
873,456,0.43331405436668596,0,1,1.0,0.5533175888439047,14403.228405892522,False,False,False,False,True
874,456,0.30837671100828995,1,1,0.9978070175438597,0.5403846153846154,15399.152267869136,False,False,False,True,False
875,456,0.4703682282629651,0,1,1.0,0.5476158344579397,14979.285592132592,False,False,False,False,True
877,456,0.2657894736842105,0,1,1.0,0.539579718527087,15411.523123293036,False,False,False,False,True
878,456,0.4308367071524966,3,1,0.993421052631579,0.540176563202879,15937.341720703727,False,False,False,True,False
879,456,0.5391170233275496,0,1,1.0,0.5524484287642183,15753.167523137343,False,False,False,False,True
880,456,0.34775400038557935,0,1,1.0,0.5477652464494569,14853.260374364885,False,False,False,False,True
881,456,0.37372276845961055,0,1,1.0,0.5476254739412634,14032.648870740413,False,False,False,False,True
882,456,0.4714960478118373,0,1,1.0,0.5461498297024613,15487.072747970065,False,False,False,False,True
883,456,0.4916136495083864,0,1,1.0,0.5496947496947496,15525.807746198976,False,False,False,False,True
884,456,0.34365721997300946,0,1,1.0,0.548521945890367,13293.723627218518,False,False,False,False,True
885,456,0.46005398110661266,0,1,1.0,0.5491685945633314,15905.52663163465,False,False,False,False,True
886,456,0.5271255060728745,2,1,0.9956140350877193,0.5510523102628365,15342.049108045274,False,False,False,True,False
887,456,0.5133699633699633,0,1,1.0,0.5464992609729452,15376.900981214323,False,False,False,False,True
888,456,0.3357142857142857,0,1,1.0,0.5441464237516869,16213.122298278699,False,False,False,False,True
889,456,0.4293040293040293,0,1,1.0,0.5436692693271641,14074.860684260857,False,False,False,False,True
890,456,0.4593888567572778,0,1,1.0,0.5457425615320352,16160.931353486421,False,False,False,False,True
891,456,0.42435897435897435,0,1,1.0,0.5493742368742368,15391.17573718903,False,False,False,False,True
892,456,0.4706766917293233,0,1,1.0,0.5551386479018058,15201.63056668613,False,False,False,False,True
893,456,0.454029304029304,0,1,1.0,0.551260362444573,14486.572395330426,False,False,False,False,True
894,456,0.44970117601696546,0,1,1.0,0.5454083927768139,14926.053540777742,False,False,False,False,True
895,456,0.3635241951031425,0,1,1.0,0.5393772893772893,14898.016127256251,False,False,False,False,True
896,456,0.4346732215153268,0,1,1.0,0.5476335068440331,15360.929403135031,False,False,False,False,True
897,456,0.38381530749951803,0,1,1.0,0.5466775914144335,14406.960779953388,False,False,False,False,True
898,456,0.37342394447657606,0,1,1.0,0.5395692757534863,16956.64552918325,False,False,False,False,True
899,456,0.5447079236552921,1,1,0.9978070175438597,0.5452613906561274,16303.50888792409,False,False,False,True,False
900,456,0.3940235203393098,0,1,1.0,0.5495180258338153,14871.151000084585,False,False,False,False,True
901,456,0.35791401580875265,0,1,1.0,0.5390792686845318,16289.786631166282,False,False,False,False,True
902,456,0.611114324272219,0,1,1.0,0.5473226335068441,21443.842000187782,False,True,False,False,False
903,456,0.4657316367842684,0,1,1.0,0.5450790437632543,16227.975837297183,False,False,False,False,True
904,456,0.48169462116830536,0,1,1.0,0.5434933487565067,16154.037052531678,False,False,False,False,True
905,456,0.5341526894158473,0,1,1.0,0.5503285457232825,16838.019369483256,False,False,False,False,True
906,456,0.5887218045112782,0,1,1.0,0.5443504594820384,18159.938165708005,False,False,False,False,True
907,456,0.5314150761519183,0,1,1.0,0.5500634599318809,15654.880779097346,False,False,False,False,True
908,456,0.4604395604395604,0,1,1.0,0.5499734914208598,14981.249335647872,False,False,False,False,True
909,456,0.47407942934258723,0,1,1.0,0.5428306342780027,16630.964489896603,False,False,False,False,True
910,456,0.4245806824754193,0,1,1.0,0.5484472398946083,14367.479480485481,False,False,False,False,True
911,456,0.49131482552535183,0,1,1.0,0.547227845254161,16941.536753220582,False,False,False,False,True
912,456,0.4090611143242722,0,1,1.0,0.5450669944090997,14981.311269844344,False,False,False,False,True
913,456,0.3486022749180644,0,1,1.0,0.543360002570529,14630.72344448241,False,False,False,False,True
914,456,0.5304896857528436,0,1,1.0,0.548110661268556,16039.537488914144,False,False,False,False,True
915,456,0.5218334297281666,0,1,1.0,0.5521560311033995,15717.458640040177,False,False,False,False,True
916,456,0.5442934258723733,0,1,1.0,0.545938564359617,16235.833211073652,False,False,False,False,True
917,456,0.3275014459224986,0,1,1.0,0.5483733371891266,14028.717563514974,False,False,False,False,True
918,456,0.5644977829188356,0,1,1.0,0.5467185592185592,17273.995194857187,False,False,False,False,True
919,456,0.5212743396953923,0,1,1.0,0.5527962534541482,15932.16906361955,False,False,False,False,True
920,456,0.36145170618854827,0,1,1.0,0.5483990424779899,14666.236717487374,False,False,False,False,True
921,456,0.26945247734721417,0,1,1.0,0.5299892359102885,13587.677005683285,False,False,False,False,True
922,456,0.4371891266628109,0,1,1.0,0.5496907332433648,15289.98892258428,False,False,False,False,True
