node,cis,degree,strength,cis_rank,e0
0,-0.00031661806560843384,50,13304.587093278766,351,0.5412843004948268
1,0.00012012265821782387,73,27098.230292096734,182,0.5412843004948268
2,-0.000315127482933149,40,10783.559799283743,350,0.5412843004948268
3,0.0001976329573268928,77,18639.69724434614,147,0.5412843004948268
4,0.00027812442178632633,84,22460.41758032143,114,0.5412843004948268
5,0.00022148228012960436,80,20343.700968816876,135,0.5412843004948268
6,0.00021551994942887518,77,12947.068043902516,136,0.5412843004948268
7,0.00017080246917361156,82,31026.11729809642,157,0.5412843004948268
8,0.00011117916216673012,67,14661.373708844185,188,0.5412843004948268
9,-8.259658560594219e-05,56,9528.422161728144,254,0.5412843004948268
10,-3.4897940000313984e-05,51,7274.071543157101,242,0.5412843004948268
11,0.00020955761872835113,74,18869.80362534523,139,0.5412843004948268
12,-1.70109478983316e-05,65,6404.714631348848,235,0.5412843004948268
13,-6.47095935037547e-05,60,23815.479253947735,249,0.5412843004948268
14,0.0002840867524870555,72,9828.237541899085,111,0.5412843004948268
15,0.00042867327197901984,88,11983.795667260885,65,0.5412843004948268
16,-0.00021973019172189255,54,23901.9790828228,310,0.5412843004948268
17,-9.452124700740052e-05,45,15223.281016036868,262,0.5412843004948268
18,0.0009414337122388565,106,29060.22047485411,21,0.5412843004948268
19,0.0001678213038234521,79,7077.087241992354,159,0.5412843004948268
20,-2.1051211465086854e-06,60,18270.235065102577,228,0.5412843004948268
21,0.00015887780777235834,72,15263.686725348234,162,0.5412843004948268
22,0.00012906615426891763,67,38463.35270527005,179,0.5412843004948268
23,6.049935121073733e-05,54,13255.809639021754,204,0.5412843004948268
24,-0.0002435795145248092,44,21316.421995341778,322,0.5412843004948268
25,0.0002483127682828856,82,18114.031462222338,121,0.5412843004948268
26,0.0003258230673919545,76,17521.815653130412,96,0.5412843004948268
27,0.0003914087050995651,81,16968.22181543708,75,0.5412843004948268
28,0.0002334069415310627,67,15307.26467770338,127,0.5412843004948268
29,0.00014397198102053543,70,12580.830612272024,171,0.5412843004948268
30,0.00034967239019466606,79,19179.24359072745,92,0.5412843004948268
31,0.00020955761872835113,98,27187.007317572832,141,0.5412843004948268
32,-0.0003479203017871594,63,26196.429187715054,368,0.5412843004948268
33,-0.0006803202383508618,32,4821.167878597975,438,0.5412843004948268
34,-0.0002704100026778854,62,15441.319522336125,333,0.5412843004948268
35,-0.0003061839868820552,56,12342.36696305871,346,0.5412843004948268
36,-0.0004075436087940408,55,17346.843878358603,389,0.5412843004948268
37,-0.0004939974039542035,52,15512.09639377892,408,0.5412843004948268
38,-0.0005625642070121787,42,9093.769507199526,423,0.5412843004948268
39,-0.00033003330968497187,52,12840.039201527834,360,0.5412843004948268
40,-0.0007891327736386563,26,8688.825932875276,447,0.5412843004948268
41,-0.0007861516082882917,31,8111.376028642058,446,0.5412843004948268
42,-0.00037176962458987096,45,14940.691136047244,379,0.5412843004948268
43,-0.0006996978131283342,38,11632.713416486979,440,0.5412843004948268
44,-0.0008606807420469961,24,5893.830899477005,449,0.5412843004948268
45,-0.00045971400242511334,53,13367.777925029397,402,0.5412843004948268
46,-3.4897940000313984e-05,74,21470.35896784067,244,0.5412843004948268
47,-0.0005938664431909042,42,7582.803113460541,427,0.5412843004948268
48,2.1744201656407976e-05,66,26247.726573884487,220,0.5412843004948268
49,-5.278493210250148e-05,68,11906.098829373717,248,0.5412843004948268
50,-0.0005372243015341823,42,5942.260779902339,419,0.5412843004948268
51,-0.0002420889318497295,57,9335.289342179894,320,0.5412843004948268
52,-0.0007131130572048722,24,2220.052564188838,442,0.5412843004948268
53,-0.0003956189473925825,40,3965.9684719890356,384,0.5412843004948268
54,-0.00028531582942970825,42,9222.575987890363,336,0.5412843004948268
55,-0.00024059834917444464,46,10345.933893457055,317,0.5412843004948268
56,0.00035563472089539526,90,40492.248419091105,87,0.5412843004948268
57,0.0006462983425544037,100,10732.291196450591,39,0.5412843004948268
58,-0.00012135173516047665,49,9176.328992426395,275,0.5412843004948268
59,0.0007163557282876637,108,20562.098519921303,30,0.5412843004948268
60,0.00035265355554503063,88,24868.488230094314,91,0.5412843004948268
61,3.0687697707296614e-05,60,8634.997762724757,216,0.5412843004948268
62,6.348051656110191e-05,64,16379.591744363308,203,0.5412843004948268
63,0.00011416032751709471,69,23999.54979710281,186,0.5412843004948268
64,0.00017378363452418124,73,21318.78572525084,155,0.5412843004948268
65,0.0002125387840787157,74,16907.135716170073,137,0.5412843004948268
66,0.0007118839802620143,97,13879.9212397933,31,0.5412843004948268
67,0.0001469531463709,70,19490.14114846289,166,0.5412843004948268
68,-0.000517846726756915,37,13819.05617173016,414,0.5412843004948268
69,0.0002632185950345034,93,26251.04840028286,117,0.5412843004948268
70,6.838374904585062e-06,82,20664.510324567556,225,0.5412843004948268
71,-0.00033599564038549594,51,14205.98607315123,364,0.5412843004948268
72,-0.0008114915137662881,17,5495.3572761416435,448,0.5412843004948268
73,-0.0003553732151629683,54,12482.932963326573,373,0.5412843004948268
74,-0.00022271135707246226,44,17007.18297074735,311,0.5412843004948268
75,-0.0006356027580955982,34,5893.968810394406,431,0.5412843004948268
76,-0.0006922448997523201,30,6007.35583935678,439,0.5412843004948268
77,-0.00042543060089602323,32,7618.474941581488,393,0.5412843004948268
78,-8.855891630667136e-05,63,8075.372612595558,260,0.5412843004948268
79,-0.00020482436497027475,51,10257.997008502483,305,0.5412843004948268
80,0.001190361018993171,139,20091.221574485302,14,0.5412843004948268
81,1.8763036305838283e-05,66,7249.239489838481,222,0.5412843004948268
82,0.00023638810688142727,73,8966.019916370511,124,0.5412843004948268
83,0.0002304257761806981,74,6769.280013397336,133,0.5412843004948268
84,-0.0002674288373277259,39,3187.686621338129,332,0.5412843004948268
85,0.00011714149286745928,91,22636.969566956162,185,0.5412843004948268
86,0.00018868946127579905,78,20477.833687752485,150,0.5412843004948268
87,-0.0003330144750353365,47,7787.508031249046,363,0.5412843004948268
88,0.0003615970515959193,87,21757.080917954445,84,0.5412843004948268
89,-9.452124700740052e-05,68,18109.18038250506,263,0.5412843004948268
90,-0.00015116338866412248,69,15788.530636623502,284,0.5412843004948268
91,-0.0001988620342695456,60,18635.32503311336,301,0.5412843004948268
92,-0.0006102628526178068,50,10002.009444192052,428,0.5412843004948268
93,-0.000587904112490175,40,15441.825606703758,426,0.5412843004948268
94,-0.00025103242790061814,62,8557.6725859195,326,0.5412843004948268
95,-0.0006430556714716122,44,21220.60778798163,433,0.5412843004948268
96,0.000427182689303735,107,8604.23436897993,66,0.5412843004948268
97,0.0010681332396288384,155,32898.68042780459,17,0.5412843004948268
98,-0.00031661806560843384,45,9295.354086905718,352,0.5412843004948268
99,0.0007387144684152956,116,18953.5501973778,28,0.5412843004948268
100,-0.00020333378229519503,59,12897.831702038646,304,0.5412843004948268
101,-0.000637093340770883,35,6524.6755425184965,432,0.5412843004948268
102,-0.00030171223885681604,51,11616.58527418971,344,0.5412843004948268
103,-0.00011687998713482723,78,15431.830844670534,271,0.5412843004948268
104,-3.4897940000313984e-05,73,13104.094702616334,243,0.5412843004948268
105,0.0001320473196192822,66,18787.88107523322,174,0.5412843004948268
106,0.000468919004208634,91,17244.761048987508,59,0.5412843004948268
107,3.3668863057661196e-05,66,11845.459268972278,214,0.5412843004948268
108,-0.00020780553032063932,55,11173.220698878169,307,0.5412843004948268
109,0.0004569943428071757,83,11614.303514316678,61,0.5412843004948268
110,-0.0004254306008962283,37,5599.321627810597,394,0.5412843004948268
111,-0.00017501271146683404,49,4280.823819950223,288,0.5412843004948268
112,0.00015291547707162916,66,12595.845575213432,165,0.5412843004948268
113,0.00023638810688142727,67,13113.9670047611,125,0.5412843004948268
114,-2.2973278598855654e-05,46,18186.640930444002,239,0.5412843004948268
115,0.000364578216946489,71,31512.601207852364,81,0.5412843004948268
116,0.00020061412267725738,64,16920.830517873168,146,0.5412843004948268
117,0.0003288042327423191,79,27760.30367924273,95,0.5412843004948268
118,0.00041823919325264126,87,24330.334337979555,69,0.5412843004948268
119,0.00014099081567017083,57,15963.873201161623,172,0.5412843004948268
120,-0.0003121463175827844,42,13783.407337874174,348,0.5412843004948268
121,0.0001320473196192822,77,20225.934129044414,175,0.5412843004948268
122,3.665002840802578e-05,68,24002.36938741803,212,0.5412843004948268
123,0.0011575682001393657,148,33114.93407179415,15,0.5412843004948268
124,0.0004957494923619153,88,19011.040476113558,51,0.5412843004948268
125,-0.00045226108904930447,27,13698.213729143143,400,0.5412843004948268
126,-1.1048617197602434e-05,61,19378.22046919167,231,0.5412843004948268
127,-0.0002420889318497295,67,3859.769568607211,321,0.5412843004948268
128,-6.145384712238397e-07,90,11867.669861853123,227,0.5412843004948268
129,-6.47095935037547e-05,62,10546.82561802864,251,0.5412843004948268
130,-0.00040307186076839137,51,6523.762951120734,388,0.5412843004948268
131,-7.365308955484845e-05,73,13933.104067876935,252,0.5412843004948268
132,-7.663425490521302e-05,66,19954.99881517887,253,0.5412843004948268
133,-0.00045524225439966904,37,11297.981183513999,401,0.5412843004948268
134,-8.408716828122704e-05,69,24601.629343390465,257,0.5412843004948268
135,-0.0002480512625502535,53,15357.198775306344,324,0.5412843004948268
136,0.0002960114138883087,69,18522.9500695616,108,0.5412843004948268
137,3.3668863057661196e-05,63,11078.098338916898,215,0.5412843004948268
138,-0.0002614665066269967,47,22540.124650910497,329,0.5412843004948268
139,5.4537020510008164e-05,81,31039.9557620883,206,0.5412843004948268
140,-0.0005267902228080088,49,8894.225658535957,417,0.5412843004948268
141,-0.00018693737286829237,54,21448.27204094827,294,0.5412843004948268
142,1.57818709554737e-05,54,14061.806205257773,223,0.5412843004948268
143,0.0008117530194989202,121,12672.40341860056,24,0.5412843004948268
144,0.00014397198102053543,62,6440.789740204811,169,0.5412843004948268
145,-0.00020780553032063932,52,4458.462941542268,306,0.5412843004948268
146,-0.0002912781601304374,39,6966.677541106939,340,0.5412843004948268
147,0.0009265278854872387,110,22202.900731369853,22,0.5412843004948268
148,0.0003973710358002943,104,19118.949703872204,74,0.5412843004948268
149,3.963119375839036e-05,84,24071.00827164948,210,0.5412843004948268
150,-0.00017799387681719862,60,21108.846363961697,291,0.5412843004948268
151,-0.00018693737286829237,65,16300.29109184444,295,0.5412843004948268
152,0.0006835629094338585,132,26328.397764980793,36,0.5412843004948268
153,-0.0005267902228080088,55,33337.16697114706,418,0.5412843004948268
154,-0.00041350593949477,49,11051.95756803453,391,0.5412843004948268
155,-0.0006728673249750529,34,6900.360256880522,436,0.5412843004948268
156,-0.0006341121754205184,46,13829.06125344336,430,0.5412843004948268
157,-0.0007473964587339624,36,8866.626750767231,444,0.5412843004948268
158,-0.0007354717973325041,36,14048.025592669845,443,0.5412843004948268
159,-0.00023165485312355599,50,10500.25163437426,315,0.5412843004948268
160,0.00039140870509936,93,16247.664225846529,78,0.5412843004948268
161,8.732983936401857e-05,77,16842.82993583381,195,0.5412843004948268
162,-0.00035388263248768345,60,20137.403473109007,370,0.5412843004948268
163,0.000512145901788818,104,12894.74501760304,49,0.5412843004948268
164,0.00025129393363304504,94,12025.49206289649,120,0.5412843004948268
165,-8.259658560594219e-05,44,13346.513617277145,255,0.5412843004948268
166,-0.0004433175929982107,34,9189.273174762726,399,0.5412843004948268
167,2.4725367006567448e-05,51,13974.435219228268,219,0.5412843004948268
168,0.0005374858072666092,87,22425.210958465934,47,0.5412843004948268
169,-0.00022271135707246226,57,13429.191667750478,312,0.5412843004948268
170,4.2612359108754944e-05,71,13964.944239035249,209,0.5412843004948268
171,-0.00011986115248539692,65,18150.847495645285,274,0.5412843004948268
172,3.366886305786631e-05,57,10655.241558149457,213,0.5412843004948268
173,0.000266199760384868,75,29102.704583898187,115,0.5412843004948268
174,0.0004122768625519121,99,40114.85145826638,72,0.5412843004948268
175,8.732983936401857e-05,60,15548.984051734209,194,0.5412843004948268
176,0.0004092956972017526,91,19439.391390696168,73,0.5412843004948268
177,0.0006865440747842231,109,29813.14688409865,34,0.5412843004948268
178,0.0003914087050995651,86,12919.157435402274,76,0.5412843004948268
179,0.00015589664242199376,72,9194.625109225512,163,0.5412843004948268
180,-0.0005685265377129078,34,5463.5667879879475,424,0.5412843004948268
181,0.0002930302485381492,100,32113.620950073004,109,0.5412843004948268
182,0.00043612618535482877,81,10593.973987653852,64,0.5412843004948268
183,0.00023936927223179184,72,8228.661383464932,123,0.5412843004948268
184,-4.086027070124826e-05,85,16546.203471764922,247,0.5412843004948268
185,0.0001320473196192822,72,14397.683656513691,176,0.5412843004948268
186,-1.1048617197602434e-05,56,6945.998810514808,232,0.5412843004948268
187,0.0010278875073992243,103,17761.830898225307,19,0.5412843004948268
188,0.0005613351300695258,94,15007.462531581521,44,0.5412843004948268
189,0.00010819799681636554,72,6955.157124519348,189,0.5412843004948268
190,-0.00017799387681719862,55,9216.674694299698,290,0.5412843004948268
191,-0.00035388263248768345,39,5144.234352320433,372,0.5412843004948268
192,-0.0007026789784784936,20,1223.1655383259058,441,0.5412843004948268
193,0.00025427509898361475,75,8823.161816433072,119,0.5412843004948268
194,-0.00046418575045076277,39,7563.040096431971,405,0.5412843004948268
195,-0.00043437409694732204,43,5977.929625555873,396,0.5412843004948268
196,-0.0005193373094319948,35,7295.183587864041,415,0.5412843004948268
197,-0.00038369428599132927,44,5624.218798905611,383,0.5412843004948268
198,-0.000756339954784851,21,803.8861608505249,445,0.5412843004948268
199,-0.00030022165618132606,48,5170.125530034304,343,0.5412843004948268
200,-0.0005774700337637965,24,8166.85724593699,425,0.5412843004948268
201,-0.0002137678610213685,40,20113.285807073116,308,0.5412843004948268
202,-0.00043735526229748153,34,12640.459372639656,397,0.5412843004948268
203,0.0002989925792386733,86,26236.686086922884,107,0.5412843004948268
204,3.963119375839036e-05,58,12804.56149841845,211,0.5412843004948268
205,0.0004808436656100924,95,31571.746871113777,54,0.5412843004948268
206,0.00033774772879320775,85,16767.339850470424,94,0.5412843004948268
207,0.0003914087050995651,95,15460.549546018243,77,0.5412843004948268
208,0.00017080246917361156,81,23335.897700205445,158,0.5412843004948268
209,-1.1048617197602434e-05,63,7925.685619220138,233,0.5412843004948268
210,-1.70109478983316e-05,51,15897.624627947807,236,0.5412843004948268
211,-0.0003240709789842427,40,9136.574148759246,356,0.5412843004948268
212,0.0006865440747840179,114,24621.722725063562,35,0.5412843004948268
213,0.00045401317745681115,92,22750.610248178244,62,0.5412843004948268
214,0.0004569943428071757,95,28422.518250077963,60,0.5412843004948268
215,0.00015589664242199376,87,28047.642499029636,164,0.5412843004948268
216,0.00018570829592543447,75,12577.018072068691,153,0.5412843004948268
217,0.00020061412267725738,79,22596.626925125718,143,0.5412843004948268
218,0.00011117916216673012,70,47899.10186107457,187,0.5412843004948268
219,0.00025725626433377425,77,23803.17915454507,118,0.5412843004948268
220,0.00014397198102053543,72,12899.421593770385,170,0.5412843004948268
221,0.00020657645337778143,85,32749.191561535,142,0.5412843004948268
222,-0.00011538940445974749,50,15727.027500584722,269,0.5412843004948268
223,0.00041376744522740204,88,14004.45912796259,71,0.5412843004948268
224,3.0687697707296614e-05,65,21513.604968562722,218,0.5412843004948268
225,0.00035563472089539526,94,21581.996909871697,86,0.5412843004948268
226,0.00012161324089290361,77,14389.076012805104,181,0.5412843004948268
227,0.0004927683270113456,104,31689.135182842612,52,0.5412843004948268
228,0.0002304257761806981,80,29388.70950871706,132,0.5412843004948268
229,0.00011714149286745928,75,11708.242917835712,184,0.5412843004948268
230,0.0010740955703295676,147,26010.479553729296,16,0.5412843004948268
231,-0.0002644476719773613,61,11258.633689761162,331,0.5412843004948268
232,0.00012310382356818845,88,14630.449417456985,180,0.5412843004948268
233,0.00011714149286745928,89,9806.882963299751,183,0.5412843004948268
234,-1.999211324869618e-05,79,6296.554412841797,237,0.5412843004948268
235,-0.00046120458510019307,43,2767.9714076817036,403,0.5412843004948268
236,-0.0001988620342697507,65,15118.665099278092,303,0.5412843004948268
237,-0.0003061839868820552,56,10998.497031927109,347,0.5412843004948268
238,-0.00039860011274294707,48,5674.160032093525,385,0.5412843004948268
239,-0.00023165485312355599,60,14745.408951744437,314,0.5412843004948268
240,-0.00041946827019549916,46,5783.007186993957,392,0.5412843004948268
241,-0.00013625756191229957,59,7053.185882389545,279,0.5412843004948268
242,-0.0006669049942745289,30,3805.7602374851704,434,0.5412843004948268
243,-0.000517846726756915,41,10968.024737998843,413,0.5412843004948268
244,-0.00035686379783804803,56,6639.790312156081,374,0.5412843004948268
245,-0.00021674902637173308,71,21662.85507018864,309,0.5412843004948268
246,-0.0005089032307060264,46,10348.792048588395,411,0.5412843004948268
247,-0.000315127482933149,60,17505.49979504943,349,0.5412843004948268
248,-0.0003509014671373189,50,11386.358736008406,369,0.5412843004948268
249,-0.000195880868919181,48,8402.59598711133,299,0.5412843004948268
250,-0.00018991853821845184,56,7934.266133487225,296,0.5412843004948268
251,0.00012906615426891763,81,17658.213745474815,178,0.5412843004948268
252,-3.4897940000313984e-05,73,13129.112482473254,245,0.5412843004948268
253,0.0006925064054849522,92,26607.28545048833,33,0.5412843004948268
254,-0.0003270521443346073,40,7468.275924101472,358,0.5412843004948268
255,8.732983936401857e-05,71,28048.93908393383,193,0.5412843004948268
256,0.00035265355554503063,88,14524.933231592178,90,0.5412843004948268
257,-8.557775095630678e-05,55,4188.961072683334,258,0.5412843004948268
258,-0.00010644590840885885,58,9360.807706043124,267,0.5412843004948268
259,0.000307936075289767,75,15338.473413541913,102,0.5412843004948268
260,-9.452124700740052e-05,51,16809.140414640307,261,0.5412843004948268
261,0.00041823919325264126,82,7479.758018031716,70,0.5412843004948268
262,-0.00013923872726245905,50,6941.088874772191,281,0.5412843004948268
263,0.00020955761872835113,71,12374.391048282385,138,0.5412843004948268
264,0.0003168795713408608,75,7072.467557802796,98,0.5412843004948268
265,0.0003198607366912254,77,13418.397858083248,97,0.5412843004948268
266,-0.00011538940445974749,41,3037.6612357497215,268,0.5412843004948268
267,0.0012872488928795073,119,36719.87771806121,12,0.5412843004948268
268,0.00020955761872835113,74,10138.534522265196,140,0.5412843004948268
269,0.00020061412267725738,67,6569.755980551243,145,0.5412843004948268
270,-8.259658560614731e-05,54,26592.781604886055,256,0.5412843004948268
271,-0.00024059834917444464,68,13739.569069549441,319,0.5412843004948268
272,-0.0005208278921072796,45,16008.769176974893,416,0.5412843004948268
273,0.0002334069415310627,92,13716.7757627666,129,0.5412843004948268
274,-0.0004939974039542035,27,6052.004840940237,409,0.5412843004948268
275,-0.0005089032307060264,46,8462.214085444808,412,0.5412843004948268
276,0.00030197374458903786,92,15882.557967662811,105,0.5412843004948268
277,-0.0004313929315967524,51,22203.04884427786,395,0.5412843004948268
278,-0.0006698861596248935,30,5139.487537384033,435,0.5412843004948268
279,-0.00013327639656172987,64,7645.634270295501,277,0.5412843004948268
280,-0.00032108981363387814,49,14406.919059872627,354,0.5412843004948268
281,-0.0001302952312115704,49,9139.477578014135,276,0.5412843004948268
282,-0.00037475078994023554,41,3934.5885743647814,380,0.5412843004948268
283,-0.00015712571936464653,58,15747.902189150453,286,0.5412843004948268
284,0.0002334069415310627,67,6730.016973093152,128,0.5412843004948268
285,0.0004808436656100924,92,12673.671704649925,55,0.5412843004948268
286,0.0012052668457447888,124,11815.672548875213,13,0.5412843004948268
287,0.0005017118230624393,87,5782.505299210548,50,0.5412843004948268
288,0.00013800965032001136,71,7325.125249251723,173,0.5412843004948268
289,0.0001320473196192822,77,20592.07269284129,177,0.5412843004948268
290,-0.00035388263248768345,39,7892.36901037395,371,0.5412843004948268
291,-8.067451847032742e-06,55,10898.492245972157,230,0.5412843004948268
292,-0.00034493913643658967,53,21402.399394109845,367,0.5412843004948268
293,-0.00031810864828351357,62,13945.188977733254,353,0.5412843004948268
294,-0.0009277569624298915,30,5804.205993458629,453,0.5412843004948268
295,-0.0006132440179679664,36,9243.99835281074,429,0.5412843004948268
296,-0.00010048357770812969,74,22673.72722427547,265,0.5412843004948268
297,-0.0005595830416618141,42,11713.09529080987,422,0.5412843004948268
298,-0.00043735526229748153,54,15591.835234567523,398,0.5412843004948268
299,-0.00033003330968497187,64,12155.64311888814,359,0.5412843004948268
300,-0.00011837056981031718,70,22903.37845610082,273,0.5412843004948268
301,0.00035563472089539526,102,9962.481360703707,88,0.5412843004948268
302,0.0006328830984778656,129,25934.874012440443,41,0.5412843004948268
303,0.0008028095234478265,152,20905.062085822225,27,0.5412843004948268
304,0.00022446344547996894,99,9733.799210235476,134,0.5412843004948268
305,-0.0001452010579631882,63,13400.48272509873,283,0.5412843004948268
306,-0.00041052477414440543,47,3848.769691079855,390,0.5412843004948268
307,7.540517796256024e-05,77,15850.143536373973,200,0.5412843004948268
308,-0.00038071312064075956,51,15646.396123081446,381,0.5412843004948268
309,9.925450076527179e-05,67,12441.273195937276,191,0.5412843004948268
310,0.0005583539647191613,95,16983.091576993465,45,0.5412843004948268
311,0.0006358642638282302,97,22797.51849991083,40,0.5412843004948268
312,-6.47095935037547e-05,54,6443.479498371482,250,0.5412843004948268
313,0.00019465179197652823,59,7852.336885511875,148,0.5412843004948268
314,0.0001469531463709,62,6804.7966185212135,167,0.5412843004948268
315,0.00034072889414357233,81,13740.836660802364,93,0.5412843004948268
316,0.0020906729547985575,119,28682.154143065214,9,0.5412843004948268
317,5.4537020510008164e-05,60,5963.97908899188,205,0.5412843004948268
318,-0.0002763723333786145,40,9585.745608150959,335,0.5412843004948268
319,-0.0001452010579631882,49,25820.578032761812,282,0.5412843004948268
320,6.348051656130702e-05,50,20475.183398514986,202,0.5412843004948268
321,-0.00035686379783804803,37,9088.763902708888,375,0.5412843004948268
322,-0.00033003330968497187,38,6157.711834862828,361,0.5412843004948268
323,0.00020061412267725738,65,17248.98771159351,144,0.5412843004948268
324,8.434867401365398e-05,61,25345.230050623417,198,0.5412843004948268
325,-0.00011837056981011208,60,19110.206354483962,272,0.5412843004948268
326,0.0005225799805149914,102,20636.686900258064,48,0.5412843004948268
327,-0.0003359956403857011,38,20318.707079544663,365,0.5412843004948268
328,0.0003109172406403367,77,20426.64125676453,100,0.5412843004948268
329,-0.00040158127809331165,33,13313.483083486557,387,0.5412843004948268
330,-0.00018991853821845184,36,15282.34718875587,297,0.5412843004948268
331,-0.00025848534127663215,70,12584.245444014668,328,0.5412843004948268
332,-0.0003270521443346073,65,6355.666885137558,357,0.5412843004948268
333,-4.086027070104315e-05,74,7918.239260643721,246,0.5412843004948268
334,-0.00048207274255274515,50,6231.180662825704,407,0.5412843004948268
335,-0.0004731292465016514,50,6548.485910624266,406,0.5412843004948268
336,0.00010521683146600095,79,11393.674832627177,190,0.5412843004948268
337,0.0003109172406403367,100,20322.541222825646,99,0.5412843004948268
338,-2.2973278598855654e-05,83,13019.050207391381,240,0.5412843004948268
339,-0.00018693737286829237,49,10940.147787287831,293,0.5412843004948268
340,-0.00023761718382408006,45,17133.181447431445,316,0.5412843004948268
341,0.0003615970515961244,102,26159.987159475684,83,0.5412843004948268
342,0.0004778625002597278,104,23870.57275301218,56,0.5412843004948268
343,2.1744201656407976e-05,69,13336.902964621782,221,0.5412843004948268
344,0.000307936075289767,78,21771.682660862803,101,0.5412843004948268
345,-9.750241235776511e-05,58,13777.871407598257,264,0.5412843004948268
346,-0.00026444767197715617,46,13341.397360995412,330,0.5412843004948268
347,6.838374904585062e-06,62,7334.775742650032,226,0.5412843004948268
348,-0.0001630880500653757,47,14561.149191185832,287,0.5412843004948268
349,-0.0005536207109610849,39,21904.53291144967,421,0.5412843004948268
350,8.732983936401857e-05,67,12157.474987193942,196,0.5412843004948268
351,0.0002334069415310627,86,35278.35946497321,130,0.5412843004948268
352,9.819540254744536e-06,78,20741.465827941895,224,0.5412843004948268
353,0.00028706791783721493,96,33808.894437491894,110,0.5412843004948268
354,0.0002840867524870555,84,13576.6271340549,113,0.5412843004948268
355,0.0014079860895687601,127,15707.471044823527,11,0.5412843004948268
356,0.00018868946127579905,69,4818.171157285571,151,0.5412843004948268
357,0.0001469531463709,69,10609.750565469265,168,0.5412843004948268
358,-0.00011538940445974749,53,7723.425290346146,270,0.5412843004948268
359,0.00030197374458903786,87,18916.284754917026,106,0.5412843004948268
360,0.0006477889252296886,100,20557.70203386247,38,0.5412843004948268
361,-0.0009650215293093462,27,8492.849387288094,455,0.5412843004948268
362,-0.0003598449631882075,52,17855.952592775226,376,0.5412843004948268
363,-0.0008800583168244684,34,16229.76666393876,450,0.5412843004948268
364,-0.0009381910411562701,30,5329.4444453418255,454,0.5412843004948268
365,-0.00036580729388914176,59,16551.4828286469,377,0.5412843004948268
366,0.00035563472089560034,103,13565.733004972339,85,0.5412843004948268
367,0.00017378363452418124,88,21185.60885795951,154,0.5412843004948268
368,5.4537020510008164e-05,76,16510.88526983559,207,0.5412843004948268
369,-0.00013476697923701472,67,15479.21415117383,278,0.5412843004948268
370,-1.999211324869618e-05,76,16784.61749947071,238,0.5412843004948268
371,-0.0003240709789842427,53,4825.060277327895,355,0.5412843004948268
372,-0.00033301447503513137,58,7549.787363395095,362,0.5412843004948268
373,-0.00018395620751772266,68,16205.041132360697,292,0.5412843004948268
374,-0.00024059834917444464,47,26072.458565056324,318,0.5412843004948268
375,-0.0004999597346549326,31,13551.951605260372,410,0.5412843004948268
376,0.00037054054764721814,106,27852.851455315948,80,0.5412843004948268
377,0.00024235043758215642,89,25888.390751853585,122,0.5412843004948268
378,0.00023042577618090322,64,20059.957755863667,131,0.5412843004948268
379,0.00030495490993940244,82,21884.57521097362,103,0.5412843004948268
380,9.329217006474774e-05,65,24718.282145261765,192,0.5412843004948268
381,0.00019465179197652823,71,29238.74234071374,149,0.5412843004948268
382,7.838634331292482e-05,71,15426.593382060528,199,0.5412843004948268
383,-0.00024954184522553836,44,6288.432086020708,325,0.5412843004948268
384,-3.19167746499494e-05,58,11566.108191549778,241,0.5412843004948268
385,-0.00015116338866412248,49,8442.409402564168,285,0.5412843004948268
386,0.0003615970515961244,85,15530.324420139194,82,0.5412843004948268
387,-0.00013625756191229957,49,14945.665101781487,280,0.5412843004948268
388,0.00017378363452397614,74,18811.79025553167,156,0.5412843004948268
389,-0.00028829699478007283,37,9683.60390292108,339,0.5412843004948268
390,0.0003034643272643227,71,20172.28265568614,104,0.5412843004948268
391,-8.855891630667136e-05,62,12802.923330873251,259,0.5412843004948268
392,-0.00028531582942970825,36,1485.9317208081484,337,0.5412843004948268
393,-0.0002465606798751738,39,4388.554920047522,323,0.5412843004948268
394,-0.00046120458510019307,32,4210.1249461025,404,0.5412843004948268
395,-5.086286496873268e-06,50,5163.861111447215,229,0.5412843004948268
396,7.242401261219565e-05,62,13643.70133304596,201,0.5412843004948268
397,-0.00017799387681719862,53,6371.710680350661,289,0.5412843004948268
398,-0.00030022165618132606,37,5846.0226160138845,342,0.5412843004948268
399,0.0004420885160555579,86,8598.15170313418,63,0.5412843004948268
400,0.0023261850174761288,182,50440.45179930329,7,0.5412843004948268
401,0.0025229419305991658,191,47056.1750087291,5,0.5412843004948268
402,-1.4029782547967016e-05,40,3816.014279603958,234,0.5412843004948268
403,-0.0002927687428055172,44,3024.921498566866,341,0.5412843004948268
404,0.0001648401384730875,78,9541.823736175895,160,0.5412843004948268
405,0.00023638810688142727,73,5538.527415692806,126,0.5412843004948268
406,-0.0002704100026778854,33,1315.6732437312603,334,0.5412843004948268
407,0.0002840867524870555,84,6695.101863488555,112,0.5412843004948268
408,-0.000286806412104788,41,1698.2073490023613,338,0.5412843004948268
409,-0.00023165485312355599,21,1604.7359249293804,313,0.5412843004948268
410,-0.0006758484903254175,7,338.7970909923315,437,0.5412843004948268
411,0.0008087718541485556,113,17425.017680719495,26,0.5412843004948268
412,-0.0012154394187387405,1,36.42179824411869,456,0.5412843004948268
413,-0.00040158127809331165,37,2777.1345202475786,386,0.5412843004948268
414,0.007163125798417948,245,88754.71650761366,1,0.5412843004948268
415,0.0029596826544254235,205,50354.87770739198,3,0.5412843004948268
416,3.0687697707296614e-05,45,3236.420591339469,217,0.5412843004948268
417,-0.00018991853821845184,44,2720.176828995347,298,0.5412843004948268
418,0.000629901933127501,116,17523.21075285971,43,0.5412843004948268
419,8.434867401365398e-05,56,6555.811364397407,197,0.5412843004948268
420,-0.00019886203426934047,37,2570.4404036849737,300,0.5412843004948268
421,5.155585515984869e-05,50,3532.13253352046,208,0.5412843004948268
422,-0.00038369428599112414,20,890.4827585369349,382,0.5412843004948268
423,-0.0001988620342695456,26,875.8871853798628,302,0.5412843004948268
424,-0.00030320282153189576,26,1688.1084074676037,345,0.5412843004948268
425,0.0021592397578567377,170,16871.412109792233,8,0.5412843004948268
426,-0.0008845300648499127,6,178.1343915462494,451,0.5412843004948268
427,-0.00037176962458987096,24,1594.318745881319,378,0.5412843004948268
428,0.002430525804738479,191,24205.938832506537,6,0.5412843004948268
429,0.0001618589731227229,77,11025.790516853333,161,0.5412843004948268
430,0.0006984687361854762,115,19287.54671832919,32,0.5412843004948268
431,0.0004897871616611862,108,16720.6019513458,53,0.5412843004948268
432,0.000925037302812159,141,21736.076890572906,23,0.5412843004948268
433,0.00047488133490936323,101,12371.445242509246,57,0.5412843004948268
434,0.0006328830984776606,116,11801.219709530473,42,0.5412843004948268
435,0.0010323592554246687,141,14463.73351226747,18,0.5412843004948268
436,0.0007252992243385524,121,16682.876588493586,29,0.5412843004948268
437,0.00047190016955899866,88,10457.856530234218,58,0.5412843004948268
438,0.0005494104686680675,106,15097.83018580079,46,0.5412843004948268
439,0.0009757171137679466,126,17086.474798828363,20,0.5412843004948268
440,0.0004242015239533704,91,9006.88631530106,67,0.5412843004948268
441,0.00035265355554503063,80,6941.765901193023,89,0.5412843004948268
442,0.00260045222970844,183,48778.52046492696,4,0.5412843004948268
443,0.00018570829592543447,60,12390.0270537287,152,0.5412843004948268
444,0.0018790102149239029,157,35444.22498613596,10,0.5412843004948268
445,-0.00034195797108643023,35,10594.51643332839,366,0.5412843004948268
446,0.0008087718541485556,112,79134.3423216939,25,0.5412843004948268
447,0.0002632185950345034,70,57950.68526220322,116,0.5412843004948268
448,0.0003884275397492005,81,65454.259947791696,79,0.5412843004948268
449,0.00042122035860300583,92,22863.88254493475,68,0.5412843004948268
450,0.0006776005787331292,109,55809.77964267135,37,0.5412843004948268
451,0.006213624634331444,157,146893.5232026428,2,0.5412843004948268
452,-0.00025550417592606244,35,12162.936914876103,327,0.5412843004948268
453,-0.00010346474305828916,39,23385.810954928398,266,0.5412843004948268
454,-0.0005387148842094671,17,17065.5122923851,420,0.5412843004948268
455,-0.0009262663797548117,11,1467.3811111301184,452,0.5412843004948268
